Date,Open,High,Low,Close,Adj Close,Volume
2015-01-02,27.84749985,27.86000061,26.83749962,27.33250046,24.37395859,212818400
2015-01-05,27.07250023,27.16250038,26.35250092,26.5625,23.68731308,257142000
2015-01-06,26.63500023,26.85750008,26.15749931,26.56500053,23.68953514,263188400
2015-01-07,26.79999924,27.04999924,26.67499924,26.9375,24.02171135,160423600
2015-01-08,27.30750084,28.03750038,27.17499924,27.97249985,24.94467926,237458000
2015-01-09,28.16749954,28.3125,27.55249977,28.00250053,24.97143555,214798000
2015-01-12,28.14999962,28.15749931,27.20000076,27.3125,24.35612106,198603200
2015-01-13,27.85750008,28.20000076,27.22750092,27.55500031,24.57237816,268367600
2015-01-14,27.26000023,27.62249947,27.125,27.45000076,24.47874069,195826400
2015-01-15,27.5,27.51499939,26.66500092,26.70499992,23.81437683,240056000
2015-01-16,26.75749969,26.89500046,26.29999924,26.49749947,23.62934113,314053200
2015-01-20,26.95999908,27.24250031,26.625,27.18000031,24.23796844,199599600
2015-01-21,27.23749924,27.76499939,27.06749916,27.38750076,24.42301178,194303600
2015-01-22,27.56500053,28.11750031,27.43000031,28.10000038,25.0583744,215185600
2015-01-23,28.07500076,28.4375,27.88249969,28.24500084,25.18768883,185859200
2015-01-26,28.43499947,28.59000015,28.20000076,28.27499962,25.2144413,222460000
2015-01-27,28.10499954,28.12000084,27.25749969,27.28499985,24.33159447,382274800
2015-01-28,29.40749931,29.53000069,28.82749939,28.82749939,25.70713425,585908400
2015-01-29,29.07999992,29.79750061,28.88999939,29.72500038,26.50749016,337745600
2015-01-30,29.60000038,30,29.21249962,29.29000092,26.1195755,334982000
2015-02-02,29.51250076,29.79249954,29.02000046,29.65749931,26.44729805,250956400
2015-02-03,29.625,29.77249908,29.40250015,29.66250038,26.4517498,207662800
2015-02-04,29.625,30.12750053,29.57749939,29.88999939,26.65462875,280598800
2015-02-05,30.00499916,30.05750084,29.8125,29.98500061,26.84487534,168984800
2015-02-06,30.00499916,30.0625,29.61249924,29.73250008,26.61881447,174826400
2015-02-09,29.63750076,29.95999908,29.60750008,29.93000031,26.79563332,155559200
2015-02-10,30.04249954,30.53750038,30.04000092,30.50499916,27.31041718,248034000
2015-02-11,30.69249916,31.22999954,30.625,31.21999931,27.95054054,294247200
2015-02-12,31.51499939,31.87000084,31.39249992,31.61499977,28.30417633,297898000
2015-02-13,31.81999969,31.81999969,31.41250038,31.77000046,28.44294548,217088800
2015-02-17,31.87249947,32.22000122,31.72999954,31.95750046,28.61080742,252609600
2015-02-18,31.90749931,32.19499969,31.86249924,32.18000031,28.81000137,179566800
2015-02-19,32.11999893,32.25749969,32.08250046,32.11249924,28.74957085,149449600
2015-02-20,32.15499878,32.375,32.01250076,32.375,28.98459053,195793600
2015-02-23,32.50500107,33.25,32.41500092,33.25,29.76795387,283896400
2015-02-24,33.23500061,33.40000153,32.79249954,33.04249954,29.58218765,276912400
2015-02-25,32.88999939,32.90000153,32.03749847,32.19749832,28.82567024,298846800
2015-02-26,32.19749832,32.71749878,31.65250015,32.60499954,29.19048882,365150000
2015-02-27,32.5,32.64250183,32.06000137,32.11500168,28.75181961,248059200
2015-03-02,32.3125,32.56999969,32.07500076,32.27249908,28.89282227,192386800
2015-03-03,32.24000168,32.38000107,32.02249908,32.34000015,28.9532547,151265200
2015-03-04,32.27500153,32.38999939,32.08000183,32.13499832,28.76971626,126665200
2015-03-05,32.14500046,32.1875,31.44000053,31.60250092,28.29299355,226068400
2015-03-06,32.09999847,32.34249878,31.56500053,31.64999962,28.33551407,291368400
2015-03-09,31.98999977,32.39250183,31.26499939,31.78499985,28.45637321,354114000
2015-03-10,31.60250092,31.80500031,30.95000076,31.12750053,27.86772537,275426400
2015-03-11,31.1875,31.19249916,30.52750015,30.55999947,27.35965729,275756000
2015-03-12,30.57749939,31.22500038,30.40749931,31.11249924,27.85429764,193450800
2015-03-13,31.10000038,31.35000038,30.64500046,30.89749908,27.66181374,207309200
2015-03-16,30.96999931,31.23749924,30.71750069,31.23749924,27.96620369,143497200
2015-03-17,31.47500038,31.82999992,31.41250038,31.76000023,28.43399048,204092400
2015-03-18,31.75,32.29000092,31.59250069,32.11750031,28.75405693,261083600
2015-03-19,32.1875,32.3125,31.85000038,31.875,28.53694725,183238000
2015-03-20,32.0625,32.09999847,31.29000092,31.47500038,28.17883873,274780400
2015-03-23,31.78000069,31.96249962,31.62999916,31.80249977,28.47204208,150838800
2015-03-24,31.80750084,32.00999832,31.63999939,31.67250061,28.35565948,131369200
2015-03-25,31.63500023,31.70499992,30.84499931,30.84499931,27.61481667,206620800
2015-03-26,30.69000053,31.21999931,30.64999962,31.05999947,27.80730057,190291600
2015-03-27,31.14249992,31.17499924,30.72750092,30.8125,27.58571625,158184800
2015-03-30,31.01250076,31.60000038,31,31.59250069,28.28403282,188398800
2015-03-31,31.52249908,31.62249947,31.09000015,31.10750008,27.84982491,168362400
2015-04-01,31.20499992,31.28000069,30.77499962,31.0625,27.80953789,162485600
2015-04-02,31.25749969,31.38999939,31.04750061,31.32999992,28.04902267,128880400
2015-04-06,31.11750031,31.87750053,31.08250046,31.83749962,28.50336838,148776000
2015-04-07,31.90999985,32.02999878,31.49500084,31.50250053,28.20345497,140049200
2015-04-08,31.46249962,31.60000038,31.24250031,31.39999962,28.11169243,149316800
2015-04-09,31.46249962,31.64500046,31.16500092,31.63999939,28.32655525,129936000
2015-04-10,31.48749924,31.80249977,31.31500053,31.77499962,28.44741631,160752000
2015-04-13,32.09249878,32.14250183,31.65250015,31.71249962,28.39146614,145460400
2015-04-14,31.75,31.82250023,31.47750092,31.57500076,28.26836395,102098400
2015-04-15,31.60250092,31.78249931,31.50250053,31.69499969,28.37579536,115881600
2015-04-16,31.56999969,31.77499962,31.52750015,31.54249954,28.23926926,113476000
2015-04-17,31.38750076,31.53499985,31.11499977,31.1875,27.92144775,207828000
2015-04-20,31.39249992,32.02999878,31.29249954,31.89999962,28.55932617,188217200
2015-04-21,32.02500153,32.04999924,31.66749954,31.72750092,28.40489578,129740400
2015-04-22,31.74749947,32.21749878,31.57999992,32.15499878,28.78762245,150618000
2015-04-23,32.07500076,32.60499954,32.03499985,32.41749954,29.02263641,183083600
2015-04-24,32.62250137,32.65750122,32.30749893,32.56999969,29.15917015,178103600
2015-04-27,33.07749939,33.28250122,32.78749847,33.16249847,29.68961334,387816800
2015-04-28,33.61500168,33.63499832,32.39250183,32.63999939,29.22183418,475696000
2015-04-29,32.54000092,32.89749908,32.07500076,32.15999985,28.79209709,253544400
2015-04-30,32.15999985,32.15999985,31.14500046,31.28750038,28.01096725,332781600
2015-05-01,31.52499962,32.53250122,31.32500076,32.23749924,28.86148643,234050400
2015-05-04,32.375,32.64250183,32.06499863,32.17499924,28.80553246,203953200
2015-05-05,32.03749847,32.11249924,31.44499969,31.45000076,28.15646172,197085600
2015-05-06,31.63999939,31.6875,30.84000015,31.25250053,27.97963715,288564000
2015-05-07,31.19249916,31.52000046,31.00499916,31.31500053,28.15269852,175763600
2015-05-08,31.67000008,31.90500069,31.52750015,31.90500069,28.68312263,222201600
2015-05-11,31.84749985,31.88999939,31.40749931,31.57999992,28.39093971,168143200
2015-05-12,31.39999962,31.71999931,31.20499992,31.46750069,28.28980064,192640000
2015-05-13,31.53750038,31.79750061,31.46750069,31.50250053,28.32126427,138776800
2015-05-14,31.85250092,32.23749924,31.79000092,32.23749924,28.98204231,180814000
2015-05-15,32.26750183,32.37250137,32.05250168,32.19250107,28.94158936,152832000
2015-05-18,32.09500122,32.68000031,32.09000015,32.54750061,29.26074028,203531600
2015-05-19,32.67250061,32.72000122,32.40999985,32.51750183,29.23376274,178532800
2015-05-20,32.5,32.74499893,32.33499908,32.51499939,29.23152161,145819600
2015-05-21,32.51750183,32.90750122,32.45750046,32.84749985,29.53044319,158921600
2015-05-22,32.90000153,33.24250031,32.84999847,33.13499832,29.788908,182384000
2015-05-26,33.15000153,33.22750092,32.27999878,32.40499878,29.13262558,282790400
2015-05-27,32.58499908,33.06499863,32.51250076,33.00999832,29.67653656,183332800
2015-05-28,32.96500015,32.98749924,32.77500153,32.94499969,29.6180954,122933200
2015-05-29,32.80749893,32.86249924,32.47499847,32.56999969,29.28096962,203538000
2015-06-01,32.56999969,32.84749985,32.51250076,32.63499832,29.33940125,128451200
2015-06-02,32.46500015,32.66500092,32.33000183,32.49000168,29.2090416,134670400
2015-06-03,32.66500092,32.73500061,32.47499847,32.52999878,29.24499893,123934000
2015-06-04,32.39500046,32.64500046,32.22750092,32.34000015,29.07418823,153800400
2015-06-05,32.375,32.42250061,32.09000015,32.16249847,28.914608,142507200
2015-06-08,32.22499847,32.30250168,31.70750046,31.95000076,28.72357368,210699200
2015-06-09,31.67499924,32.02000046,31.40500069,31.85499954,28.63816452,224301600
2015-06-10,31.97999954,32.33499908,31.96249962,32.22000122,28.96630859,156349200
2015-06-11,32.29499817,32.54499817,32.11999893,32.14749908,28.90112305,141563600
2015-06-12,32.04750061,32.08250046,31.77750015,31.79249954,28.58198166,147544800
2015-06-15,31.52499962,31.80999947,31.42749977,31.72999954,28.52579498,175955600
2015-06-16,31.75749969,31.96249962,31.59250069,31.89999962,28.67861938,125976400
2015-06-17,31.93000031,31.96999931,31.68499947,31.82500076,28.61120224,131672400
2015-06-18,31.80750084,32.07749939,31.80500031,31.96999931,28.74155807,141628800
2015-06-19,31.92749977,31.95499992,31.60000038,31.64999962,28.45387268,218867600
2015-06-22,31.87249947,32.01499939,31.77000046,31.90250015,28.68086624,136157200
2015-06-23,31.87000084,31.90250015,31.71999931,31.75749969,28.55051231,121075600
2015-06-24,31.80249977,32.45000076,31.78000069,32.02750015,28.79324913,221123600
2015-06-25,32.21500015,32.29999924,31.875,31.875,28.656147,127752400
2015-06-26,31.91749954,31.99749947,31.62750053,31.6875,28.48758316,176267200
2015-06-29,31.36499977,31.61750031,31.12000084,31.13249969,27.98862648,196645600
2015-06-30,31.39249992,31.53000069,31.21500015,31.35750008,28.19090271,177482800
2015-07-01,31.72500038,31.73500061,31.49749947,31.64999962,28.45387268,120955200
2015-07-02,31.60750008,31.67250061,31.44249916,31.61000061,28.41791153,108844000
2015-07-06,31.23500061,31.55750084,31.21249962,31.5,28.31902122,112241600
2015-07-07,31.47249985,31.53750038,30.94249916,31.42250061,28.24934006,187787200
2015-07-08,31.12000084,31.15999985,30.63500023,30.64249992,27.54810715,243046400
2015-07-09,30.96249962,31.01499939,29.80500031,30.01749992,26.98622704,314380000
2015-07-10,30.48500061,30.96249962,30.30249977,30.81999969,27.70768356,245418000
2015-07-13,31.25749969,31.44000053,31.07999992,31.41500092,28.24260139,165762000
2015-07-14,31.51000023,31.59250069,31.26000023,31.40250015,28.23136139,127072400
2015-07-15,31.43000031,31.78750038,31.39500046,31.70499992,28.50331688,134596800
2015-07-16,31.93499947,32.14250183,31.83749962,32.12749863,28.88314247,144889600
2015-07-17,32.27000046,32.40499878,32.07749939,32.40499878,29.13262558,184658800
2015-07-20,32.74250031,33.24250031,32.67499924,33.01750183,29.68327713,235600800
2015-07-21,33.21250153,33.22999954,32.58000183,32.6875,29.38659668,307025600
2015-07-22,30.49749947,31.375,30.49749947,31.30500031,28.143713,461802400
2015-07-23,31.54999924,31.77249908,31.26499939,31.29000092,28.13022423,203998000
2015-07-24,31.32999992,31.43499947,30.97500038,31.125,27.981884,168649200
2015-07-27,30.77249908,30.90250015,30.53000069,30.69249916,27.59305954,177822000
2015-07-28,30.84499931,30.97750092,30.63750076,30.84499931,27.73016357,134472400
2015-07-29,30.78750038,30.875,30.56749916,30.74749947,27.64250755,148046800
2015-07-30,30.57999992,30.64249992,30.42749977,30.59250069,27.50316238,134513200
2015-07-31,30.64999962,30.65999985,30.22750092,30.32500076,27.26267433,171540000
2015-08-03,30.375,30.64249992,29.37999916,29.61000061,26.61987305,279904000
2015-08-04,29.35499954,29.42499924,28.3125,28.65999985,25.76581764,496554400
2015-08-05,28.23749924,29.36000061,28.02499962,28.85000038,25.93662071,397250400
2015-08-06,28.99250031,29.125,28.53000069,28.78249931,25.99306107,211612000
2015-08-07,28.64500046,29.0625,28.625,28.87999916,26.08111763,154681600
2015-08-10,29.13249969,29.99749947,29.13249969,29.93000031,27.0293541,219806400
2015-08-11,29.45249939,29.54500008,28.33250046,28.37249947,25.62279892,388331200
2015-08-12,28.13249969,28.85499954,27.40749931,28.80999947,26.01789856,404870000
2015-08-13,29.01000023,29.10000038,28.63500023,28.78750038,25.9975853,194143200
2015-08-14,28.57999992,29.07749939,28.50250053,28.98999977,26.18045425,171718000
2015-08-17,29.01000023,29.41250038,28.875,29.29000092,26.45138168,163538800
2015-08-18,29.10750008,29.36000061,29.00250053,29.125,26.30237198,138242800
2015-08-19,29.02499962,29.12999916,28.67000008,28.75250053,25.96596909,193146000
2015-08-20,28.52000046,28.58749962,27.90749931,28.16250038,25.43315887,274006400
2015-08-21,27.60750008,27.97500038,26.41250038,26.44000053,23.87758446,513102000
2015-08-24,23.71750069,27.20000076,23,25.78000069,23.28155136,648825200
2015-08-25,27.77750015,27.77750015,25.875,25.93499947,23.42153168,414406400
2015-08-26,26.77249908,27.47249985,26.26250076,27.42250061,24.76486969,387098400
2015-08-27,28.05750084,28.30999947,27.50499916,28.22999954,25.49411583,338464400
2015-08-28,28.04249954,28.32749939,27.88500023,28.32250023,25.57764435,212657600
2015-08-31,28.00749969,28.63249969,28,28.19000053,25.45798492,224917200
2015-09-01,27.53750038,27.96999931,26.84000015,26.93000031,24.3201046,307383600
2015-09-02,27.55750084,28.08499908,27.28249931,28.08499908,25.36317062,247555200
2015-09-03,28.12249947,28.19499969,27.51000023,27.59250069,24.91839218,212935600
2015-09-04,27.24250031,27.61249924,27.12750053,27.31749916,24.67004013,199985200
2015-09-08,27.9375,28.13999939,27.57999992,28.07749939,25.35638809,219374400
2015-09-09,28.44000053,28.50499916,27.44249916,27.53750038,24.86872673,340043200
2015-09-10,27.56749916,28.31999969,27.47500038,28.14249992,25.41508484,251571200
2015-09-11,27.94750023,28.55249977,27.94000053,28.55249977,25.78536224,199662000
2015-09-14,29.14500046,29.22249985,28.71500015,28.82749939,26.03370667,233453600
2015-09-15,28.98250008,29.13249969,28.60499954,29.06999969,26.2526989,173364800
2015-09-16,29.0625,29.13500023,28.86000061,29.10250092,26.28205299,148694000
2015-09-17,28.91500092,29.12249947,28.43000031,28.47999954,25.71988678,256450400
2015-09-18,28.05249977,28.57500076,27.96750069,28.36249924,25.61376381,297141200
2015-09-21,28.41749954,28.84250069,28.41500092,28.80249977,26.01112747,200888000
2015-09-22,28.34499931,28.54500008,28.12999916,28.35000038,25.60248184,201384800
2015-09-23,28.40749931,28.68000031,28.32500076,28.57999992,25.81018829,143026800
2015-09-24,28.3125,28.875,28.09250069,28.75,25.9637146,200878000
2015-09-25,29.11000061,29.17250061,28.50499916,28.67749977,25.89824486,224607600
2015-09-28,28.46249962,28.64249992,28.11000061,28.11000061,25.38573647,208436000
2015-09-29,28.20750046,28.37750053,26.96500015,27.26499939,24.62263489,293461600
2015-09-30,27.54249954,27.88500023,27.18250084,27.57500076,24.90259171,265892000
2015-10-01,27.26749992,27.40500069,26.82749939,27.39500046,24.74003029,255716400
2015-10-02,27.00250053,27.75250053,26.88750076,27.59499931,24.92065239,232079200
2015-10-05,27.46999931,27.84250069,27.26749992,27.69499969,25.01095581,208258800
2015-10-06,27.65749931,27.93499947,27.44249916,27.82749939,25.13061905,192787200
2015-10-07,27.93499947,27.94249916,27.35250092,27.69499969,25.01095581,187062400
2015-10-08,27.54750061,27.54750061,27.05249977,27.375,24.72197723,247918400
2015-10-09,27.5,28.06999969,27.37249947,28.03000069,25.31348991,211064400
2015-10-12,28.18250084,28.1875,27.86000061,27.89999962,25.19609451,121868800
2015-10-13,27.70499992,28.11249924,27.67000008,27.94750023,25.2389946,132197200
2015-10-14,27.82250023,27.87999916,27.38999939,27.55249977,24.88226891,177849600
2015-10-15,27.73250008,28.02499962,27.62249947,27.96500015,25.25478935,150694000
2015-10-16,27.94499969,28,27.63249969,27.76000023,25.06965828,156930400
2015-10-19,27.70000076,27.9375,27.52750015,27.93250084,25.22544289,119036800
2015-10-20,27.83499908,28.54249954,27.70499992,28.44249916,25.68601227,195871200
2015-10-21,28.5,28.89500046,28.42499924,28.44000053,25.68376541,167180800
2015-10-22,28.58250046,28.875,28.52499962,28.875,26.07660103,166616400
2015-10-23,29.17499924,29.80750084,29.08250046,29.77000046,26.8848629,237467600
2015-10-26,29.52000046,29.53249931,28.72999954,28.81999969,26.02692795,265335200
2015-10-27,28.85000038,29.13500023,28.49749947,28.63750076,25.86211967,279537600
2015-10-28,29.23250008,29.82500076,29.01499939,29.81749916,26.92775917,342205600
2015-10-29,29.67499924,30.17250061,29.56749916,30.13249969,27.21223068,204909200
2015-10-30,30.24749947,30.30500031,29.86249924,29.875,26.97968292,197461200
2015-11-02,30.20000076,30.34000015,29.90250015,30.29500008,27.3589859,128813200
2015-11-03,30.19750023,30.87249947,30.17499924,30.64249992,27.67280388,182076000
2015-11-04,30.78249931,30.95499992,30.40500069,30.5,27.54412079,179544400
2015-11-05,30.46249962,30.67250061,30.04500008,30.22999954,27.41714478,158210800
2015-11-06,30.27750015,30.45249939,30.15500069,30.26499939,27.44887733,132169200
2015-11-09,30.23999977,30.45249939,30.01250076,30.14249992,27.33778191,135485600
2015-11-10,29.22500038,29.51749992,29.01499939,29.19249916,26.47618294,236511600
2015-11-11,29.09250069,29.35499954,28.80249977,29.02750015,26.32653236,180872000
2015-11-12,29.06500053,29.20499992,28.91250038,28.93000031,26.23810196,130102400
2015-11-13,28.79999924,28.89249992,28.06749916,28.08499908,25.47173882,183249600
2015-11-16,27.84499931,28.55999947,27.75,28.54500008,25.88892746,152426800
2015-11-17,28.72999954,28.76250076,28.32999992,28.42250061,25.7778244,110467600
2015-11-18,28.94000053,29.37249947,28.875,29.32250023,26.59408569,186698800
2015-11-19,29.40999985,29.9375,29.19000053,29.69499969,26.93192291,173183200
2015-11-20,29.79999924,29.97999954,29.71249962,29.82500076,27.04982185,137148400
2015-11-23,29.81749916,29.93250084,29.33499908,29.4375,26.69838142,129930000
2015-11-24,29.33250046,29.83749962,29.28000069,29.71999931,26.95459747,171212800
2015-11-25,29.80249977,29.80750084,29.47999954,29.50749969,26.76186371,85553200
2015-11-27,29.57250023,29.60250092,29.39999962,29.45249939,26.71198654,52185600
2015-11-30,29.49749947,29.85250092,29.4375,29.57500076,26.82308769,156721200
2015-12-01,29.6875,29.70249939,29.21500015,29.33499908,26.60542488,139409600
2015-12-02,29.33499908,29.52750015,29.02000046,29.06999969,26.36507416,133546400
2015-12-03,29.13750076,29.19750023,28.55500031,28.79999924,26.1201992,166278000
2015-12-04,28.82250023,29.8125,28.77750015,29.75749969,26.98860931,231108000
2015-12-07,29.74500084,29.96500015,29.45249939,29.56999969,26.81855583,128336800
2015-12-08,29.37999916,29.64999962,29.21500015,29.55750084,26.80721283,137238000
2015-12-09,29.40999985,29.42250061,28.77000046,28.90500069,26.21543694,185445600
2015-12-10,29.01000023,29.23500061,28.87750053,29.04249954,26.34013557,116850800
2015-12-11,28.79750061,28.84749985,28.21249962,28.29500008,25.66218948,187544800
2015-12-14,28.04500008,28.17000008,27.44750023,28.12000084,25.5034771,257274800
2015-12-15,27.98500061,28.20000076,27.58749962,27.62249947,25.05226898,213292400
2015-12-16,27.76749992,27.99749947,27.20000076,27.83499908,25.2449913,224954000
2015-12-17,28.00499916,28.0625,27.24500084,27.24500084,24.70989609,179091200
2015-12-18,27.22750092,27.37999916,26.45249939,26.50749969,24.04101181,385813200
2015-12-21,26.81999969,26.84250069,26.39249992,26.83250046,24.33577347,190362400
2015-12-22,26.85000038,26.93000031,26.61249924,26.80750084,24.31310272,131157600
2015-12-23,26.81749916,27.21249962,26.79999924,27.15250015,24.62599754,130629600
2015-12-24,27.25,27.25,26.98749924,27.00749969,24.49448967,54281600
2015-12-28,26.89749908,26.92250061,26.54500008,26.70499992,24.22013664,106816800
2015-12-29,26.73999977,27.35750008,26.71500015,27.18499947,24.65547562,123724800
2015-12-30,27.14500046,27.17499924,26.79500008,26.82999992,24.33350754,100855200
2015-12-31,26.75250053,26.75749969,26.20499992,26.31500053,23.86642838,163649200
2016-01-04,25.65250015,26.34250069,25.5,26.33749962,23.88683701,270597600
2016-01-05,26.4375,26.46249962,25.60250092,25.67749977,23.28824806,223164000
2016-01-06,25.13999939,25.59250069,24.96750069,25.17499924,22.83250237,273829600
2016-01-07,24.67000008,25.03249931,24.10750008,24.11249924,21.86886597,324377600
2016-01-08,24.63750076,24.77750015,24.19000053,24.23999977,21.98450279,283192000
2016-01-11,24.74250031,24.76499939,24.33499908,24.63249969,22.34048653,198957600
2016-01-12,25.13750076,25.17250061,24.70999908,24.98999977,22.664711,196616800
2016-01-13,25.07999992,25.29750061,24.32500076,24.34749985,22.08199692,249758400
2016-01-14,24.48999977,25.12000084,23.93499947,24.87999916,22.56494713,252680400
2016-01-15,24.04999924,24.42749977,23.84000015,24.28249931,22.02305031,319335600
2016-01-19,24.60250092,24.66250038,23.875,24.16500092,21.91648293,212350800
2016-01-20,23.77499962,24.54750061,23.35499954,24.19750023,21.94595909,289337600
2016-01-21,24.26499939,24.46999931,23.73500061,24.07500076,21.83485985,208646000
2016-01-22,24.65749931,25.36499977,24.59250069,25.35499954,22.99575424,263202000
2016-01-25,25.37999916,25.38249969,24.80249977,24.86000061,22.54682159,207178000
2016-01-26,24.98250008,25.21999931,24.51749992,24.99749947,22.67151833,300308000
2016-01-27,24.01000023,24.15749931,23.33499908,23.35499954,21.18185234,533478800
2016-01-28,23.44750023,23.62999916,23.09749985,23.52249908,21.33376503,222715200
2016-01-29,23.69750023,24.33499908,23.58749962,24.33499908,22.07066154,257666000
2016-02-01,24.11750031,24.17749977,23.85000038,24.10750008,21.8643322,163774000
2016-02-02,23.85499954,24.01000023,23.56999969,23.62000084,21.42219353,149428800
2016-02-03,23.75,24.20999908,23.52000046,24.08749962,21.8461895,183857200
2016-02-04,23.96500015,24.33250046,23.79750061,24.14999962,22.02172852,185886800
2016-02-05,24.12999916,24.22999954,23.42250061,23.50499916,21.43356323,185672400
2016-02-08,23.28249931,23.92499924,23.26000023,23.75250053,21.6592598,216085600
2016-02-09,23.57250023,23.98500061,23.48250008,23.74749947,21.65470123,177324800
2016-02-10,23.97999954,24.08749962,23.52499962,23.56749916,21.49056053,169374400
2016-02-11,23.44750023,23.68000031,23.14749908,23.42499924,21.36061859,200298800
2016-02-12,23.54750061,23.625,23.25250053,23.49749947,21.4267292,161405600
2016-02-16,23.75499916,24.21249962,23.65250015,24.15999985,22.03084755,196231600
2016-02-17,24.16749954,24.55249977,24.03750038,24.53000069,22.36824036,179452800
2016-02-18,24.70999908,24.72249985,24.02249908,24.06500053,21.9442215,156084000
2016-02-19,24,24.19000053,23.95000076,24.01000023,21.89406586,141496800
2016-02-22,24.07749939,24.22500038,23.97999954,24.21999931,22.08556175,137123200
2016-02-23,24.10000038,24.125,23.63750076,23.67250061,21.58630753,127770400
2016-02-24,23.49500084,24.09499931,23.32999992,24.02499962,21.90774536,145022800
2016-02-25,24.01250076,24.19000053,23.8125,24.19000053,22.05819893,110330800
2016-02-26,24.29999924,24.50499916,24.14500046,24.22750092,22.09240341,115964400
2016-02-29,24.21500015,24.55750084,24.16250038,24.17250061,22.04224586,140865200
2016-03-01,24.41250038,25.19249916,24.35499954,25.13249969,22.91763878,201628400
2016-03-02,25.12750053,25.22249985,24.90999985,25.1875,22.96779633,132678400
2016-03-03,25.14500046,25.42749977,25.11249924,25.375,23.13877869,147822800
2016-03-04,25.59250069,25.9375,25.34250069,25.75250053,23.48299599,184220400
2016-03-07,25.59749985,25.70750046,25.23999977,25.46750069,23.22312355,143315600
2016-03-08,25.19499969,25.44000053,25.10000038,25.25749969,23.03162766,126247600
2016-03-09,25.32749939,25.39500046,25.06749916,25.28000069,23.05214119,108806800
2016-03-10,25.35250092,25.55999947,25.03750038,25.29249954,23.06354523,134054400
2016-03-11,25.55999947,25.56999969,25.375,25.56500053,23.31202507,109632800
2016-03-14,25.47750092,25.72750092,25.44499969,25.62999916,23.37130165,100304400
2016-03-15,25.98999977,26.29500008,25.96249962,26.14500046,23.84090805,160270800
2016-03-16,26.15250015,26.57749939,26.14749908,26.49250031,24.15779305,153214000
2016-03-17,26.37999916,26.61750031,26.23999977,26.45000076,24.11903381,137682800
2016-03-18,26.58499908,26.625,26.29750061,26.47999954,24.14638329,176820800
2016-03-21,26.48250008,26.91250038,26.28499985,26.47750092,24.14411736,142010800
2016-03-22,26.3125,26.82250023,26.30249977,26.68000031,24.32877159,129777600
2016-03-23,26.62000084,26.76749992,26.47500038,26.53249931,24.19426537,102814000
2016-03-24,26.36750031,26.5625,26.22249985,26.41749954,24.08939743,104532000
2016-03-28,26.5,26.54750061,26.26499939,26.29750061,23.97998047,77645600
2016-03-29,26.22249985,26.94750023,26.21999931,26.92000008,24.54761887,124760400
2016-03-30,27.16250038,27.60499954,27.14999962,27.38999939,24.97619629,182404400
2016-03-31,27.43000031,27.47500038,27.21999931,27.24749947,24.84625816,103553600
2016-04-01,27.19499969,27.5,27.04999924,27.49749947,25.07422066,103496000
2016-04-04,27.60499954,28.04750061,27.56749916,27.78000069,25.33182716,149424800
2016-04-05,27.37750053,27.68250084,27.35499954,27.45249939,25.03318024,106314800
2016-04-06,27.55750084,27.74500084,27.29999924,27.73999977,25.29535103,105616400
2016-04-07,27.48749924,27.60499954,27.03000069,27.13500023,24.7436676,127207600
2016-04-08,27.22750092,27.44249916,27.04249954,27.16500092,24.7710228,94326800
2016-04-11,27.24250031,27.65250015,27.20750046,27.25499916,24.85308647,117630000
2016-04-12,27.33499908,27.625,27.16500092,27.61000061,25.1768074,108929200
2016-04-13,27.70000076,28.08499908,27.70000076,28.01000023,25.5415554,133029200
2016-04-14,27.90500069,28.09749985,27.83250046,28.02499962,25.555233,101895600
2016-04-15,28.02750015,28.07500076,27.43250084,27.46249962,25.04230881,187756000
2016-04-18,27.22249985,27.23749924,26.73500061,26.87000084,24.5020237,243286000
2016-04-19,26.96999931,27,26.55750084,26.72750092,24.37207794,129539600
2016-04-20,26.65999985,27.02249908,26.51499939,26.78249931,24.42223549,122444000
2016-04-21,26.73250008,26.73250008,26.37999916,26.49250031,24.15779305,126210000
2016-04-22,26.25250053,26.62000084,26.15500069,26.42000008,24.09167862,134732400
2016-04-25,26.25,26.41250038,26.12750053,26.27000046,23.95490074,112126400
2016-04-26,25.97750092,26.32500076,25.97750092,26.08749962,23.78848457,224064800
2016-04-27,24,24.67749977,23.92000008,24.45499992,22.29984665,458408400
2016-04-28,24.40250015,24.46999931,23.5625,23.70750046,21.61821938,328970800
2016-04-29,23.49749947,23.68000031,23.12750053,23.43499947,21.36974144,274126000
2016-05-02,23.49250031,23.52000046,23.10000038,23.40999985,21.34694099,192640400
2016-05-03,23.54999924,23.93499947,23.42000008,23.79500008,21.69801331,227325200
2016-05-04,23.79999924,23.97500038,23.45499992,23.54750061,21.47232437,164102000
2016-05-05,23.5,23.51749992,23.17000008,23.30999947,21.38516808,143562000
2016-05-06,23.34250069,23.36249924,22.96249962,23.18000031,21.26589966,174799600
2016-05-09,23.25,23.44249916,23.14749908,23.19750023,21.28195953,131745600
2016-05-10,23.33250046,23.39249992,23.02750015,23.35499954,21.42644691,134747200
2016-05-11,23.37000084,23.39249992,23.11499977,23.12750053,21.21774101,114876400
2016-05-12,23.18000031,23.19499969,22.36750031,22.58499908,20.72003365,305258800
2016-05-13,22.5,22.91749954,22.5,22.62999916,20.76131821,177571200
2016-05-16,23.09749985,23.59749985,22.91250038,23.46999931,21.53195381,245039200
2016-05-17,23.63750076,23.67499924,23.25250053,23.37249947,21.4425106,187667600
2016-05-18,23.54000092,23.80249977,23.47249985,23.63999939,21.68791771,168249600
2016-05-19,23.65999985,23.65999985,23.39249992,23.54999924,21.6053524,121768400
2016-05-20,23.65999985,23.85750008,23.62999916,23.80500031,21.83929634,128104000
2016-05-23,23.96750069,24.29750061,23.91749954,24.10750008,22.11681366,152074400
2016-05-24,24.30500031,24.52249908,24.20999908,24.47500038,22.45397377,140560800
2016-05-25,24.66749954,24.93499947,24.52750015,24.90500069,22.84845543,152675200
2016-05-26,24.92000008,25.18250084,24.65999985,25.10250092,23.02965736,225324800
2016-05-27,24.86000061,25.11750031,24.8125,25.08749962,23.01588821,145364800
2016-05-31,24.89999962,25.10000038,24.70499992,24.96500015,22.90350533,169228800
2016-06-01,24.75499916,24.88500023,24.58250046,24.61499977,22.58240891,116693200
2016-06-02,24.39999962,24.45999908,24.15749931,24.43000031,22.41267967,160766400
2016-06-03,24.44750023,24.56749916,24.36249924,24.47999954,22.45855331,114019600
2016-06-06,24.49749947,25.47249985,24.38750076,24.65749931,22.62139893,93170000
2016-06-07,24.8125,24.96750069,24.73999977,24.75749969,22.71314049,89638000
2016-06-08,24.75499916,24.88999939,24.67000008,24.73500061,22.69249916,83392400
2016-06-09,24.625,24.99749947,24.61499977,24.91250038,22.85534286,106405600
2016-06-10,24.63249969,24.83749962,24.62000084,24.70750046,22.66726875,126851600
2016-06-13,24.67250061,24.78000069,24.27499962,24.33499908,22.32552719,152082000
2016-06-14,24.32999992,24.62000084,24.1875,24.36499977,22.35305214,127727600
2016-06-15,24.45499992,24.60250092,24.25749969,24.28499985,22.27965927,117780800
2016-06-16,24.11249924,24.4375,24.01749992,24.38750076,22.37368965,125307200
2016-06-17,24.15500069,24.16250038,23.82500076,23.83250046,21.86453056,244032800
2016-06-20,24,24.14249992,23.75749969,23.77499962,21.81176758,137647600
2016-06-21,23.73500061,24.08749962,23.67000008,23.97750092,21.99755669,142185600
2016-06-22,24.0625,24.22249985,23.83749962,23.88750076,21.91498184,116876400
2016-06-23,23.98500061,24.07250023,23.8125,24.02499962,22.04112816,128960800
2016-06-24,23.22750092,23.66500092,23.16250038,23.35000038,21.42186165,301245600
2016-06-27,23.25,23.26250076,22.875,23.01000023,21.10994148,181958400
2016-06-28,23.22500038,23.41500092,23.03499985,23.39749908,21.46544456,161779600
2016-06-29,23.49250031,23.63750076,23.40749931,23.60000038,21.65122604,146124000
2016-06-30,23.61000061,23.94249916,23.57500076,23.89999962,21.92644882,143345600
2016-07-01,23.87249947,24.11750031,23.83250046,23.97249985,21.99295807,104106000
2016-07-05,23.84749985,23.85000038,23.61499977,23.74749947,21.7865448,110820800
2016-07-06,23.64999962,23.91500092,23.59250069,23.88249969,21.91039467,123796400
2016-07-07,23.92499924,24.125,23.90500069,23.98500061,22.00443077,100558400
2016-07-08,24.12249947,24.22249985,24.01250076,24.17000008,22.17415428,115648400
2016-07-11,24.1875,24.41250038,24.18250084,24.24500084,22.24296379,95179600
2016-07-12,24.29249954,24.42499924,24.28000069,24.35499954,22.34387779,96670000
2016-07-13,24.35250092,24.41749954,24.20999908,24.21750069,22.21773529,103568800
2016-07-14,24.34749985,24.74749947,24.32999992,24.69750023,22.65809631,155676000
2016-07-15,24.72999954,24.82500076,24.625,24.69499969,22.65580177,120548000
2016-07-18,24.67499924,25.03249931,24.64999962,24.95750046,22.89662552,145975600
2016-07-19,24.88999939,25,24.83499908,24.96750069,22.90579796,95119600
2016-07-20,25,25.11499977,24.93499947,24.98999977,22.92643738,105104000
2016-07-21,24.95750046,25.25,24.78249931,24.85750008,22.80488586,130808000
2016-07-22,24.81500053,24.82500076,24.57749939,24.66500092,22.62828064,113254800
2016-07-25,24.5625,24.70999908,24.22999954,24.33499908,22.32552719,161531600
2016-07-26,24.20499992,24.49250031,24.10499954,24.16749954,22.17185974,224959200
2016-07-27,26.06749916,26.08749962,25.6875,25.73749924,23.61221504,369379200
2016-07-28,25.70750046,26.11249924,25.70499992,26.08499908,23.93101692,159479200
2016-07-29,26.04750061,26.13750076,25.92000008,26.05249977,23.90120506,110934800
2016-08-01,26.10250092,26.53750038,26.10250092,26.51250076,24.32322502,152671600
2016-08-02,26.51250076,26.51749992,26,26.12000084,23.96313477,135266400
2016-08-03,26.20249939,26.45999908,26.19249916,26.44750023,24.26359367,120810400
2016-08-04,26.39500046,26.5,26.31999969,26.46750069,24.41347885,109634800
2016-08-05,26.56749916,26.91250038,26.54500008,26.87000084,24.78474236,162213600
2016-08-08,26.87999916,27.09250069,26.79000092,27.09250069,24.98997879,112148800
2016-08-09,27.05750084,27.23500061,27.00250053,27.20249939,25.0914402,105260800
2016-08-10,27.17749977,27.22500038,26.94000053,27,24.90465164,96034000
2016-08-11,27.12999916,27.23250008,26.96249962,26.98250008,24.88851547,109938000
2016-08-12,26.94499969,27.11000061,26.94499969,27.04500008,24.94616127,74641600
2016-08-15,27.03499985,27.38500023,27.02000046,27.37000084,25.24594116,103472800
2016-08-16,27.40749931,27.55750084,27.30249977,27.34499931,25.22288132,135177600
2016-08-17,27.27499962,27.34250069,27.08499908,27.30500031,25.18598175,101424000
2016-08-18,27.30750084,27.39999962,27.25499916,27.27000046,25.15369797,87938800
2016-08-19,27.19249916,27.42250061,27.09000015,27.34000015,25.21827316,101472400
2016-08-22,27.21500015,27.27499962,26.96249962,27.12750053,25.02226257,103280800
2016-08-23,27.14749908,27.32999992,27.13249969,27.21249962,25.10066414,85030800
2016-08-24,27.14249992,27.1875,26.92000008,27.00749969,24.91157341,94700400
2016-08-25,26.84749985,26.96999931,26.67000008,26.89249992,24.80549812,100344800
2016-08-26,26.85250092,26.98749924,26.57749939,26.73500061,24.66021919,111065200
2016-08-29,26.65500069,26.86000061,26.57250023,26.70499992,24.63254356,99881200
2016-08-30,26.45000076,26.625,26.375,26.5,24.44345665,99455600
2016-08-31,26.41500092,26.64249992,26.40999985,26.52499962,24.46651268,118649600
2016-09-01,26.53499985,26.70000076,26.40500069,26.68250084,24.61179161,106806000
2016-09-02,26.92499924,27,26.70499992,26.93250084,24.84239388,107210000
2016-09-06,26.97500038,27.07500076,26.87750053,26.92499924,24.83547783,107521600
2016-09-07,26.95750046,27.19000053,26.76749992,27.09000015,24.98766518,169457200
2016-09-08,26.8125,26.81749916,26.30999947,26.37999916,24.33276749,212008000
2016-09-09,26.15999985,26.43000031,25.78249931,25.78249931,23.78164482,186228000
2016-09-12,25.66250038,26.43000031,25.63249969,26.36000061,24.3143177,181171200
2016-09-13,26.87750053,27.19750023,26.80999947,26.98749924,24.89311981,248704800
2016-09-14,27.18250084,28.25749969,27.14999962,27.94249916,25.77401161,443554800
2016-09-15,28.46500015,28.93250084,28.37249947,28.89249992,26.65028,359934400
2016-09-16,28.78000069,29.03249931,28.51000023,28.72999954,26.50040054,319547600
2016-09-19,28.79750061,29.04500008,28.3125,28.39500046,26.1913929,188092000
2016-09-20,28.26250076,28.53000069,28.12750053,28.39249992,26.18908691,138057200
2016-09-21,28.46249962,28.49749947,28.11000061,28.38750076,26.18447685,144012800
2016-09-22,28.58749962,28.73500061,28.5,28.65500069,26.43121529,124296000
2016-09-23,28.60499954,28.69750023,27.88750076,28.17749977,25.99077225,209924800
2016-09-26,27.90999985,28.34749985,27.88750076,28.21999931,26.02997208,119477600
2016-09-27,28.25,28.29500008,28.08499908,28.27249908,26.07839775,98429600
2016-09-28,28.42250061,28.65999985,28.35750008,28.48749924,26.27671051,118564400
2016-09-29,28.29000092,28.45000076,27.95000076,28.04500008,25.86855698,143548000
2016-09-30,28.11499977,28.34250069,27.95000076,28.26250076,26.06918144,145516400
2016-10-03,28.17749977,28.26250076,28.06999969,28.12999916,25.94695854,86807200
2016-10-04,28.26499939,28.57749939,28.15749931,28.25,26.05764389,118947200
2016-10-05,28.35000038,28.41500092,28.17250061,28.26250076,26.06918144,85812400
2016-10-06,28.42499924,28.58499908,28.28249931,28.47249985,26.26288414,115117200
2016-10-07,28.57749939,28.63999939,28.37750053,28.51499939,26.30208015,97433600
2016-10-10,28.75499916,29.1875,28.68000031,29.01250076,26.76097298,144944000
2016-10-11,29.42499924,29.67250061,29.04999924,29.07500076,26.81862259,256164000
2016-10-12,29.33749962,29.49500084,29.1875,29.33499908,27.05844307,150347200
2016-10-13,29.19750023,29.36000061,28.93000031,29.24500084,26.97542572,140769600
2016-10-14,29.46999931,29.54249954,29.28249931,29.40749931,27.12532043,142608800
2016-10-17,29.33250046,29.45999908,29.19499969,29.38750076,27.10687447,94499600
2016-10-18,29.54500008,29.55249977,29.36249924,29.36750031,27.08842468,98214000
2016-10-19,29.3125,29.44000053,28.45000076,29.28000069,27.00771523,80138400
2016-10-20,29.21500015,29.34499931,29.08250046,29.26499939,26.9938755,96503200
2016-10-21,29.20249939,29.22750092,29.06999969,29.14999962,26.88780403,92770800
2016-10-24,29.27499962,29.43499947,29.25,29.41250038,27.12992859,94154800
2016-10-25,29.48749924,29.59000015,29.32749939,29.5625,27.26828766,192516000
2016-10-26,28.57749939,28.92499924,28.32749939,28.89749908,26.65489578,264536800
2016-10-27,28.84749985,28.96500015,28.52499962,28.62000084,26.39893532,138248000
2016-10-28,28.46750069,28.80249977,28.36249924,28.43000031,26.22367668,151446800
2016-10-31,28.41250038,28.55750084,28.29999924,28.38500023,26.18217278,105677600
2016-11-01,28.36499977,28.44249916,27.63249969,27.87249947,25.70943642,175303200
2016-11-02,27.85000038,28.08749962,27.80750084,27.89749908,25.73249626,113326800
2016-11-03,27.74500084,27.86499977,27.38750076,27.45750046,25.4566803,107730400
2016-11-04,27.13249969,27.5625,27.02750015,27.20999908,25.22721291,123348000
2016-11-07,27.52000046,27.62750053,27.36499977,27.60250092,25.59112167,130240000
2016-11-08,27.57749939,27.93000031,27.42499924,27.76499939,25.74177361,97016800
2016-11-09,27.46999931,27.82999992,27.01250076,27.71999931,25.70005226,236705600
2016-11-10,27.77249908,27.77249908,26.45750046,26.94750023,24.98384094,228538000
2016-11-11,26.78000069,27.21750069,26.63750076,27.10750008,25.13218689,136575600
2016-11-14,26.92749977,26.95249939,26.02000046,26.42749977,24.50173378,204702000
2016-11-15,26.64249992,26.92000008,26.54000092,26.77750015,24.82623291,129058000
2016-11-16,26.67499924,27.55750084,26.64999962,27.49749947,25.49376869,235362000
2016-11-17,27.45249939,27.58749962,27.20750046,27.48749924,25.48449516,110528000
2016-11-18,27.43000031,27.63500023,27.41500092,27.51499939,25.5099926,113715600
2016-11-21,27.53000069,27.99749947,27.50250053,27.93250084,25.89706993,117058400
2016-11-22,27.98749924,28.10499954,27.85000038,27.95000076,25.91329193,103862000
2016-11-23,27.84000015,27.87750053,27.58250046,27.80750084,25.78117561,109705600
2016-11-25,27.78249931,27.96750069,27.73749924,27.94750023,25.91097832,45903600
2016-11-28,27.85750008,28.11750031,27.84749985,27.89249992,25.85998726,108776000
2016-11-29,27.69499969,28.00749969,27.51749992,27.86499977,25.83448792,114115200
2016-11-30,27.89999962,28.04999924,27.56749916,27.62999916,25.61660767,144649200
2016-12-01,27.59250069,27.73500061,27.25749969,27.37249947,25.37787056,148347600
2016-12-02,27.29249954,27.52249908,27.21249962,27.47500038,25.47291183,106112000
2016-12-05,27.5,27.50749969,27.0625,27.27750015,25.28979874,137298000
2016-12-06,27.375,27.59000015,27.29750061,27.48749924,25.48449516,104782000
2016-12-07,27.31500053,27.79750061,27.29000092,27.75749969,25.73482132,119994800
2016-12-08,27.71500015,28.10750008,27.64999962,28.03000069,25.987463,108273200
2016-12-09,28.07749939,28.67499924,28.07749939,28.48749924,26.41162109,137610400
2016-12-12,28.32250023,28.75,28.12249947,28.32500076,26.26096535,105497600
2016-12-13,28.45999908,28.97999954,28.4375,28.79750061,26.69903755,174935200
2016-12-14,28.76000023,29.04999924,28.74500084,28.79750061,26.69903755,136127200
2016-12-15,28.84499931,29.18250084,28.80750084,28.95499992,26.84506035,186098000
2016-12-16,29.11750031,29.125,28.91250038,28.99250031,26.87982559,177404400
2016-12-19,28.95000076,29.34499931,28.9375,29.15999985,27.0351181,111117600
2016-12-20,29.18499947,29.375,29.17000008,29.23749924,27.10696983,85700000
2016-12-21,29.20000076,29.35000038,29.19499969,29.26499939,27.13246727,95132800
2016-12-22,29.08749962,29.12750053,28.90999985,29.07250023,26.95400238,104343600
2016-12-23,28.89749908,29.12999916,28.89749908,29.12999916,27.00731087,56998000
2016-12-27,29.12999916,29.45000076,29.12249947,29.31500053,27.17882919,73187600
2016-12-28,29.37999916,29.50499916,29.04999924,29.19000053,27.06293678,83623600
2016-12-29,29.11249924,29.27750015,29.10000038,29.18250084,27.05598259,60158000
2016-12-30,29.16250038,29.29999924,28.85750008,28.95499992,26.84506035,122345200
2017-01-03,28.95000076,29.08250046,28.69000053,29.03750038,26.92154884,115127600
2017-01-04,28.96249962,29.12750053,28.9375,29.00499916,26.89141464,84472400
2017-01-05,28.97999954,29.21500015,28.95249939,29.15250015,27.028162,88774400
2017-01-06,29.19499969,29.54000092,29.11750031,29.47750092,27.32948875,127007600
2017-01-09,29.48749924,29.85750008,29.48500061,29.74749947,27.57981491,134247600
2017-01-10,29.69249916,29.84499931,29.57500076,29.77750015,27.60762405,97848400
2017-01-11,29.68499947,29.98250008,29.64999962,29.9375,27.75596046,110354400
2017-01-12,29.72500038,29.82500076,29.55249977,29.8125,27.64007187,108344800
2017-01-13,29.77750015,29.90500069,29.70249939,29.76000023,27.59139824,104447600
2017-01-17,29.58499908,30.05999947,29.55500031,30,27.81391525,137759200
2017-01-18,30,30.125,29.92749977,29.99749947,27.81159019,94852000
2017-01-19,29.85000038,30.02249908,29.84250069,29.94499969,27.76291656,102389200
2017-01-20,30.11249924,30.11249924,29.93250084,30,27.81391525,130391600
2017-01-23,30,30.20249939,29.94249916,30.02000046,27.83245087,88200800
2017-01-24,29.88750076,30.02499962,29.875,29.99250031,27.80695534,92844000
2017-01-25,30.10499954,30.52499962,30.06999969,30.46999931,28.24966049,129510400
2017-01-26,30.41749954,30.61000061,30.39999962,30.48500061,28.26356697,105350400
2017-01-27,30.53499985,30.58749962,30.39999962,30.48749924,28.2658844,82251600
2017-01-30,30.23250008,30.40749931,30.16500092,30.40749931,28.19171333,121510000
2017-01-31,30.28750038,30.34749985,30.15500069,30.33749962,28.12681389,196804000
2017-02-01,31.75749969,32.62250137,31.75250053,32.1875,29.84200478,447940000
2017-02-02,31.99500084,32.34749985,31.94499969,32.13249969,29.79101753,134841600
2017-02-03,32.07749939,32.29750061,32.04000092,32.27000046,29.91848946,98029200
2017-02-06,32.28250122,32.625,32.22499847,32.57249832,30.19895172,107383600
2017-02-07,32.63499832,33.02249908,32.61249924,32.88249969,30.48636246,152735200
2017-02-08,32.83750153,33.05500031,32.80500031,33.00999832,30.6045742,92016400
2017-02-09,32.91249847,33.11249924,32.77999878,33.10499954,30.82571411,113399600
2017-02-10,33.11500168,33.23500061,33.01250076,33.02999878,30.75588608,80262000
2017-02-13,33.27000046,33.45500183,33.1875,33.32249832,31.02824593,92141600
2017-02-14,33.36750031,33.77249908,33.3125,33.75500107,31.43097305,132904800
2017-02-15,33.88000107,34.06750107,33.65499878,33.87749863,31.54503632,142492400
2017-02-16,33.91749954,33.97499847,33.70999908,33.83750153,31.50779724,90338400
2017-02-17,33.77500153,33.95750046,33.77500153,33.93000031,31.59391785,88792800
2017-02-21,34.05749893,34.1875,33.99499893,34.17499924,31.82205391,98028800
2017-02-22,34.10749817,34.27999878,34.02750015,34.27750015,31.9174881,83347600
2017-02-23,34.34500122,34.36999893,34.07500076,34.13249969,31.78249168,83152800
2017-02-24,33.97750092,34.16500092,33.81999969,34.16500092,31.81273651,87106400
2017-02-27,34.28499985,34.36000061,34.06999969,34.23249817,31.875597,81029600
2017-02-28,34.27000046,34.36000061,34.17499924,34.24750137,31.88956642,93931600
2017-03-01,34.47249985,35.03749847,34.40000153,34.94749832,32.54136276,145658400
2017-03-02,35,35.06999969,34.68999863,34.74000168,32.3481636,104844000
2017-03-03,34.69499969,34.95750046,34.64749908,34.94499969,32.53902435,84432400
2017-03-06,34.84249878,34.94250107,34.65000153,34.83499908,32.43659973,87000000
2017-03-07,34.76499939,34.99499893,34.69749832,34.88000107,32.478508,69785200
2017-03-08,34.73749924,34.95000076,34.70500183,34.75,32.35745239,74828800
2017-03-09,34.68500137,34.69749832,34.26250076,34.66999817,32.28297043,88623600
2017-03-10,34.8125,34.84000015,34.65999985,34.78499985,32.39005661,78451200
2017-03-13,34.71250153,34.85749817,34.70500183,34.79999924,32.40401459,69686800
2017-03-14,34.82500076,34.91249847,34.70999908,34.74750137,32.35513306,61236400
2017-03-15,34.85250092,35.1875,34.75749969,35.11500168,32.69733047,102767200
2017-03-16,35.18000031,35.25500107,35.06499863,35.17250061,32.75086975,76928000
2017-03-17,35.25,35.25,34.97249985,34.99750137,32.58792496,175540000
2017-03-20,35.09999847,35.375,35.05749893,35.36500168,32.93012619,86168000
2017-03-21,35.52750015,35.70000076,34.93249893,34.95999908,32.55300903,158119600
2017-03-22,34.96250153,35.40000153,34.93999863,35.35499954,32.92081451,103440800
2017-03-23,35.31499863,35.39500046,35.15250015,35.22999954,32.80441284,81385200
2017-03-24,35.375,35.43500137,35.08750153,35.15999985,32.73923492,89582400
2017-03-27,34.84749985,35.30500031,34.65499878,35.22000122,32.79510117,94300400
2017-03-28,35.22750092,36.00999832,35.15499878,35.95000076,33.47483826,133499200
2017-03-29,35.91999817,36.12250137,35.79750061,36.02999878,33.54933167,116760000
2017-03-30,36.04750061,36.125,35.875,35.98249817,33.50509262,84829200
2017-03-31,35.93000031,36.06750107,35.75249863,35.91500092,33.44225311,78646800
2017-04-03,35.92750168,36.02999878,35.76250076,35.92499924,33.45156097,79942800
2017-04-04,35.8125,36.22249985,35.79249954,36.19250107,33.70064163,79565600
2017-04-05,36.05500031,36.36500168,35.95249939,36.00500107,33.5260582,110871600
2017-04-06,36.07249832,36.13000107,35.86249924,35.91500092,33.44225311,84596000
2017-04-07,35.93249893,36.04499817,35.81750107,35.83499908,33.3677597,66688800
2017-04-10,35.90000153,35.97000122,35.72499847,35.79249954,33.32819748,75733600
2017-04-11,35.73500061,35.83750153,35.01499939,35.40750122,32.96969223,121517600
2017-04-12,35.40000153,35.53749847,35.25249863,35.45000076,33.00926208,81400000
2017-04-13,35.47750092,35.59500122,35.26250076,35.26250076,32.83467865,71291600
2017-04-17,35.36999893,35.47000122,35.21749878,35.45750046,33.01625061,66328400
2017-04-18,35.35250092,35.50999832,35.27750015,35.29999924,32.86959457,58790000
2017-04-19,35.47000122,35.5,35.11249924,35.16999817,32.74853134,69313600
2017-04-20,35.30500031,35.72999954,35.29000092,35.61000061,33.1582489,93278400
2017-04-21,35.61000061,35.66999817,35.46250153,35.56750107,33.11867523,69283600
2017-04-24,35.875,35.98749924,35.79499817,35.90999985,33.43759155,68537200
2017-04-25,35.97750092,36.22499847,35.96749878,36.13249969,33.64478302,75486000
2017-04-26,36.11750031,36.15000153,35.84500122,35.91999817,33.44690704,80164800
2017-04-27,35.97999954,36.04000092,35.82749939,35.94749832,33.47251129,56985200
2017-04-28,36.02249908,36.07500076,35.81750107,35.91249847,33.43991852,83441600
2017-05-01,36.27500153,36.79999924,36.24000168,36.64500046,34.12199783,134411600
2017-05-02,36.88499832,37.02249908,36.70999908,36.87749863,34.3384819,181408800
2017-05-03,36.39749908,36.87250137,36.06750107,36.76499939,34.23371506,182788000
2017-05-04,36.63000107,36.78499985,36.45249939,36.63249969,34.11035156,93487600
2017-05-05,36.68999863,37.24499893,36.68999863,37.24000168,34.67603302,109310800
2017-05-08,37.25749969,38.42499924,37.25749969,38.25249863,35.61882401,195009600
2017-05-09,38.46749878,38.72000122,38.36249924,38.49750137,35.84695053,156521600
2017-05-10,38.40750122,38.48500061,38.02750015,38.31499863,35.67701721,103222800
2017-05-11,38.11249924,38.51750183,38.07749939,38.48749924,35.985569,109020400
2017-05-12,38.67499924,39.10499954,38.66749954,39.02500153,36.4881134,130108000
2017-05-15,39.00249863,39.16249847,38.76250076,38.92499924,36.39461136,104038800
2017-05-16,38.98500061,39.01499939,38.68000031,38.86750031,36.34084702,80194000
2017-05-17,38.40000153,38.64250183,37.42750168,37.5625,35.12069321,203070800
2017-05-18,37.81750107,38.33499908,37.78250122,38.13499832,35.65597153,134272800
2017-05-19,38.34500122,38.49499893,38.15750122,38.26499939,35.77752304,107843200
2017-05-22,38.5,38.64500046,38.22750092,38.49750137,35.99490738,91865600
2017-05-23,38.72499847,38.72499847,38.32749939,38.45000076,35.95050049,79675600
2017-05-24,38.45999908,38.54249954,38.16749954,38.33499908,35.8429718,76712000
2017-05-25,38.43249893,38.58750153,38.25749969,38.46749878,35.9668541,76942400
2017-05-26,38.5,38.56000137,38.32749939,38.40250015,35.90607452,87710400
2017-05-30,38.35499954,38.60749817,38.33250046,38.41749954,35.92009735,80507600
2017-05-31,38.49250031,38.54249954,38.09500122,38.18999863,35.70740128,97804800
2017-06-01,38.29249954,38.33250046,38.05500031,38.29499817,35.80558014,65616400
2017-06-02,38.39500046,38.86249924,38.22249985,38.86249924,36.33618546,111082800
2017-06-05,38.58499908,38.61249924,38.36500168,38.48249817,35.98087311,101326800
2017-06-06,38.47499847,38.95249939,38.44499969,38.61249924,36.10243225,106499600
2017-06-07,38.75500107,38.99499893,38.61999893,38.84249878,36.31747055,84278400
2017-06-08,38.8125,38.88499832,38.59999847,38.74750137,36.22864532,85003200
2017-06-09,38.79750061,38.79750061,36.50500107,37.24499893,34.82382202,259530800
2017-06-12,36.43500137,36.52249908,35.62749863,36.35499954,33.99169159,289229200
2017-06-13,36.79000092,36.86249924,36.28749847,36.64749908,34.26517487,136661600
2017-06-14,36.875,36.875,35.95999908,36.29000092,33.9309082,126124800
2017-06-15,35.83000183,36.11999893,35.55250168,36.07249832,33.72755051,128661600
2017-06-16,35.94499969,36.125,35.54999924,35.56750107,33.25537872,201444400
2017-06-19,35.91500092,36.68500137,35.91500092,36.58499908,34.2067337,130165600
2017-06-20,36.71749878,36.71749878,36.23500061,36.25249863,33.89584351,99600400
2017-06-21,36.38000107,36.51750183,36.15250015,36.46749878,34.09687424,85063200
2017-06-22,36.44250107,36.67499924,36.27999878,36.40750122,34.04077148,76425200
2017-06-23,36.28250122,36.79000092,36.27750015,36.56999969,34.19271469,141757600
2017-06-26,36.79249954,37.06999969,36.34500122,36.45500183,34.08518982,102769600
2017-06-27,36.25249863,36.54000092,35.90499878,35.93249893,33.59666061,99047600
2017-06-28,36.12250137,36.52750015,35.79000092,36.45750046,34.0875206,88329600
2017-06-29,36.17750168,36.28250122,35.56999969,35.91999817,33.58496475,125997600
2017-06-30,36.11249924,36.24000168,35.94499969,36.00500107,33.66444016,92096400
2017-07-03,36.22000122,36.32500076,35.77500153,35.875,33.54289627,57111200
2017-07-05,35.92250061,36.19749832,35.68000031,36.02249908,33.68080139,86278400
2017-07-06,35.75500107,35.875,35.60250092,35.68249893,33.36289978,96515200
2017-07-07,35.72499847,36.1875,35.72499847,36.04499817,33.70183563,76806800
2017-07-10,36.02750015,36.48749924,35.84249878,36.26499939,33.90754318,84362400
2017-07-11,36.18249893,36.46250153,36.09500122,36.38249969,34.01739883,79127200
2017-07-12,36.46749878,36.54499817,36.20500183,36.43500137,34.06649399,99538000
2017-07-13,36.375,37.12250137,36.36000061,36.94250107,34.54099274,100797600
2017-07-14,36.99250031,37.33250046,36.83250046,37.25999832,34.83784485,80528400
2017-07-17,37.20500183,37.72499847,37.14250183,37.38999939,34.95939636,95174000
2017-07-18,37.29999924,37.53250122,37.16749954,37.52000046,35.08094788,71475200
2017-07-19,37.61999893,37.85499954,37.48749924,37.75500107,35.30068588,83692000
2017-07-20,37.875,37.93500137,37.54750061,37.58499908,35.14172363,68974800
2017-07-21,37.49750137,37.61000061,37.22000122,37.56750107,35.12536621,105010400
2017-07-24,37.64500046,38.11000061,37.47499847,38.02249908,35.55078125,85972800
2017-07-25,37.95000076,38.45999908,37.95000076,38.18500137,35.70271683,75415600
2017-07-26,38.33750153,38.48249817,38.26499939,38.36500168,35.87101746,63124000
2017-07-27,38.4375,38.49750137,36.82500076,37.63999939,35.19315338,129905200
2017-07-28,37.47249985,37.55749893,37.29750061,37.375,34.94537735,68854800
2017-07-31,37.47499847,37.58250046,37.03250122,37.18249893,34.76539993,79383600
2017-08-01,37.27500153,37.55500031,37.10250092,37.51250076,35.07394409,141474400
2017-08-02,39.81999969,39.9375,39.04000092,39.28499985,36.73122025,279747200
2017-08-03,39.26250076,39.30250168,38.75500107,38.89250183,36.36424255,108389200
2017-08-04,39.01750183,39.34999847,38.92250061,39.09749985,36.55590439,82239600
2017-08-07,39.26499939,39.72999954,39.16749954,39.70249939,37.1215744,87481200
2017-08-08,39.65000153,40.45750046,39.56750107,40.02000046,37.41842651,144823600
2017-08-09,39.81499863,40.31750107,39.77750015,40.26499939,37.6475029,104526000
2017-08-10,39.97499847,40,38.65750122,38.83000183,36.44837189,163217200
2017-08-11,39.15000153,39.64250183,39.01750183,39.36999893,36.95524216,105028400
2017-08-14,39.83000183,40.05250168,39.6875,39.96250153,37.51140594,88490800
2017-08-15,40.16500092,40.54999924,40.03499985,40.40000153,37.92207336,117862000
2017-08-16,40.48500061,40.62749863,40.03749847,40.23749924,37.76954651,110686400
2017-08-17,40.13000107,40.17750168,39.45999908,39.46500015,37.04441833,111762400
2017-08-18,39.46500015,39.875,39.18000031,39.375,36.95993423,109712400
2017-08-21,39.375,39.47249985,38.77750015,39.30250168,36.89188004,105474000
2017-08-22,39.55749893,40,39.50500107,39.94499969,37.4949646,86418400
2017-08-23,39.76750183,40.11750031,39.72000122,39.99499893,37.54191971,77596400
2017-08-24,40.10749817,40.18500137,39.63750076,39.81750107,37.37530136,79275600
2017-08-25,39.91249847,40.13999939,39.81750107,39.96500015,37.51374817,101920400
2017-08-28,40.03499985,40.5,39.98249817,40.36750031,37.8915596,103864000
2017-08-29,40.02500153,40.77999878,40,40.72750092,38.22947311,118067600
2017-08-30,40.95000076,40.97249985,40.65250015,40.83750153,38.33273697,109078400
2017-08-31,40.90999985,41.13000107,40.86999893,41,38.48527527,107140400
2017-09-01,41.20000076,41.23500061,40.90750122,41.01250076,38.49700165,66364400
2017-09-05,40.9375,41.0625,40.13999939,40.52000046,38.03470612,117874000
2017-09-06,40.67750168,40.74750137,40.13000107,40.47750092,37.99481964,86606800
2017-09-07,40.52249908,40.56000137,40.09000015,40.31499863,37.84228134,87714000
2017-09-08,40.21500015,40.28749847,39.63249969,39.65750122,37.22511292,114446000
2017-09-11,40.125,40.51250076,39.97249985,40.375,37.89860535,126323200
2017-09-12,40.65250015,40.99000168,39.69250107,40.21500015,37.74840927,286856000
2017-09-13,39.96749878,39.99000168,39.47750092,39.91249847,37.46446609,179629600
2017-09-14,39.74750137,39.84999847,39.52249908,39.56999969,37.14298248,95042800
2017-09-15,39.61750031,40.24250031,39.5,39.97000122,37.51844025,196458400
2017-09-18,40.02750015,40.125,39.5,39.66749954,37.23449707,113077600
2017-09-19,39.87749863,39.94250107,39.61000061,39.68249893,37.24857712,83242400
2017-09-20,39.47499847,39.56499863,38.45750046,39.01750183,36.62436295,211805600
2017-09-21,38.95000076,38.95000076,38.1875,38.34749985,35.99546814,150046800
2017-09-22,37.88499832,38.06750107,37.63999939,37.97249985,35.64346695,186581600
2017-09-25,37.49750137,37.95750046,37.29000092,37.63750076,35.32901764,177549200
2017-09-26,37.94499969,38.47999954,37.92250061,38.28499985,35.93680191,146640000
2017-09-27,38.45000076,38.68000031,38.38499832,38.55749893,36.19257736,102016800
2017-09-28,38.47249985,38.56999969,38.17499924,38.31999969,35.96963882,88022000
2017-09-29,38.30250168,38.53250122,38,38.52999878,36.16676331,105199200
2017-10-02,38.56499863,38.61249924,38.18000031,38.45249939,36.09402466,74795200
2017-10-03,38.50249863,38.77249908,38.47750092,38.61999893,36.25124359,64921200
2017-10-04,38.40750122,38.46500015,38.11500168,38.36999893,36.01657867,80655200
2017-10-05,38.54499817,38.86000061,38.51250076,38.84749985,36.46479034,85135200
2017-10-06,38.74250031,38.87250137,38.63999939,38.82500076,36.44367218,69630400
2017-10-09,38.95249939,39.18249893,38.87250137,38.95999908,36.57038498,65051600
2017-10-10,39.01499939,39.5,38.77500153,38.97499847,36.58446503,62468000
2017-10-11,38.99250031,39.24499893,38.9375,39.13750076,36.73700714,67622400
2017-10-12,39.08750153,39.34249878,38.93249893,39,36.6079483,64500400
2017-10-13,39.18249893,39.31999969,39.10250092,39.24750137,36.84026337,65576800
2017-10-16,39.47499847,40,39.41249847,39.97000122,37.51844025,96486000
2017-10-17,39.94499969,40.21749878,39.80749893,40.11750031,37.65690231,75989200
2017-10-18,40.10499954,40.17750168,39.90000153,39.93999863,37.49028397,65496800
2017-10-19,39.1875,39.27000046,38.75500107,38.99499893,36.6032486,170336800
2017-10-20,39.15250015,39.4375,38.99000168,39.0625,36.6666069,95896400
2017-10-23,39.22249985,39.42250061,38.875,39.04249954,36.64784241,87937200
2017-10-24,39.07249832,39.35499954,39.04999924,39.27500153,36.86606216,71028800
2017-10-25,39.22750092,39.38750076,38.81750107,39.10250092,36.70414352,84828400
2017-10-26,39.30749893,39.45750046,39.19499969,39.35250092,36.93881989,68002000
2017-10-27,39.82249832,40.90000153,39.67499924,40.76250076,38.26233673,177816800
2017-10-30,40.97249985,42.01750183,40.93000031,41.68000031,39.12356949,178803200
2017-10-31,41.97499847,42.41249847,41.73500061,42.25999832,39.66799164,144187200
2017-11-01,42.46749878,42.48500061,41.40250015,41.72249985,39.16345215,134551200
2017-11-02,41.65000153,42.125,41.31999969,42.02750015,39.44974136,165573600
2017-11-03,43.5,43.56499863,42.77999878,43.125,40.47992706,237594400
2017-11-06,43.09249878,43.74750137,42.93000031,43.5625,40.89060593,140105200
2017-11-07,43.47750092,43.8125,43.40000153,43.70249939,41.02200699,97446000
2017-11-08,43.66500092,44.06000137,43.58250046,44.06000137,41.35758972,97638000
2017-11-09,43.77750015,44.02500153,43.28499985,43.97000122,41.27311325,117930400
2017-11-10,43.77750015,43.84500122,43.56750107,43.66749954,41.1364975,100582000
2017-11-13,43.375,43.625,43.34999847,43.49250031,40.9716568,67928400
2017-11-14,43.25999832,43.36999893,42.79499817,42.83499908,40.35227585,99130000
2017-11-15,42.49250031,42.58000183,42.09500122,42.27000046,39.82000732,116632400
2017-11-16,42.79499817,42.96749878,42.57500076,42.77500153,40.29573822,94550000
2017-11-17,42.75999832,42.84749985,42.40999985,42.53749847,40.07198715,87598000
2017-11-20,42.57249832,42.63999939,42.38999939,42.49499893,40.03197098,65049600
2017-11-21,42.69499969,43.42499924,42.69499969,43.28499985,40.77617645,100525200
2017-11-22,43.34000015,43.75,43.26250076,43.74000168,41.20480728,102355600
2017-11-24,43.77500153,43.875,43.66249847,43.74250031,41.20716476,56106800
2017-11-27,43.76250076,43.77000046,43.33499908,43.52249908,40.99991226,82867200
2017-11-28,43.57500076,43.71749878,42.96500015,43.26750183,40.75969696,105715200
2017-11-29,43.15750122,43.22999954,41.79000092,42.36999893,39.91422653,166665600
2017-11-30,42.60749817,43.03499985,42.11000061,42.96250153,40.47237396,166108800
2017-12-01,42.48749924,42.91749954,42.125,42.76250076,40.28396225,159037200
2017-12-04,43.11999893,43.15499878,42.40750122,42.45000076,39.98957443,130169600
2017-12-05,42.26499939,42.88000107,42.09999847,42.40999985,39.95189667,109400800
2017-12-06,41.875,42.54999924,41.61500168,42.25249863,39.80351639,114240000
2017-12-07,42.25749969,42.61000061,42.22750092,42.33000183,39.87653351,102693200
2017-12-08,42.62250137,42.75,42.20500183,42.34249878,39.88830566,93420800
2017-12-11,42.29999924,43.22249985,42.19749832,43.16749954,40.6654892,141095200
2017-12-12,43.03749847,43.09749985,42.86500168,42.92499924,40.43704224,77636800
2017-12-13,43.125,43.38499832,43,43.06750107,40.57128906,95273600
2017-12-14,43.09999847,43.28250122,42.91249847,43.05500031,40.55951309,81906000
2017-12-15,43.40750122,43.54249954,43.11500168,43.49250031,40.9716568,160677200
2017-12-18,43.72000122,44.29999924,43.71500015,44.10499954,41.54865265,117684400
2017-12-19,43.75749969,43.84749985,43.52249908,43.63499832,41.105896,109745600
2017-12-20,43.71749878,43.85499954,43.3125,43.58750153,41.06115341,93902400
2017-12-21,43.54249954,44.00500107,43.52500153,43.75249863,41.21658325,83799600
2017-12-22,43.66999817,43.85499954,43.625,43.75249863,41.21658325,65397600
2017-12-26,42.70000076,42.86750031,42.41999817,42.64250183,40.17091751,132742000
2017-12-27,42.52500153,42.69499969,42.42750168,42.65000153,40.17797852,85992800
2017-12-28,42.75,42.96250153,42.61999893,42.77000046,40.2910347,65920800
2017-12-29,42.63000107,42.64749908,42.30500031,42.30749893,39.85533142,103999600
2018-01-02,42.54000092,43.07500076,42.31499863,43.06499863,40.56892776,102223600
2018-01-03,43.13249969,43.63750076,42.99000168,43.05749893,40.56187057,118071600
2018-01-04,43.13499832,43.36750031,43.02000046,43.25749969,40.75027084,89738400
2018-01-05,43.36000061,43.84249878,43.26250076,43.75,41.21421432,94640000
2018-01-08,43.58750153,43.90250015,43.48249817,43.58750153,41.06115341,82271200
2018-01-09,43.63750076,43.76499939,43.35250092,43.58250046,41.05643845,86336000
2018-01-10,43.29000092,43.57500076,43.25,43.57249832,41.0470047,95839600
2018-01-11,43.64749908,43.87250137,43.62250137,43.81999969,41.28016663,74670800
2018-01-12,44.04499817,44.34000015,43.91249847,44.27249908,41.70645142,101672400
2018-01-16,44.47499847,44.84749985,44.03499985,44.04750061,41.49448013,118263600
2018-01-17,44.03749847,44.8125,43.76750183,44.77500153,42.17981339,137547200
2018-01-18,44.84249878,45.02500153,44.5625,44.81499863,42.21749878,124773600
2018-01-19,44.65250015,44.89500046,44.35250092,44.61500168,42.02909088,129700400
2018-01-22,44.32500076,44.44499969,44.15000153,44.25,41.6852417,108434400
2018-01-23,44.32500076,44.86000061,44.20500183,44.25999832,41.69466782,130756400
2018-01-24,44.3125,44.32500076,43.29999924,43.55500031,41.03052902,204420400
2018-01-25,43.62749863,43.73749924,42.63249969,42.77750015,40.2980957,166116000
2018-01-26,43,43,42.51499939,42.87749863,40.39229965,156572000
2018-01-29,42.54000092,42.54000092,41.76750183,41.99000168,39.5562439,202561600
2018-01-30,41.38249969,41.84249878,41.17499924,41.74250031,39.32308578,184192800
2018-01-31,41.71749878,42.11000061,41.625,41.85749817,39.43142319,129915600
2018-02-01,41.79249954,42.15499878,41.68999863,41.94499969,39.51384735,188923200
2018-02-02,41.5,41.70000076,40.02500153,40.125,37.79933167,346375200
2018-02-05,39.77500153,40.97000122,39,39.12250137,36.85493851,290954000
2018-02-06,38.70750046,40.93000031,38.5,40.75749969,38.39518356,272975200
2018-02-07,40.77249908,40.84999847,39.76750183,39.88499832,37.57323837,206434400
2018-02-08,40.07249832,40.25,38.75749969,38.78749847,36.53935623,217562000
2018-02-09,39.26750183,39.47249985,37.56000137,39.10250092,36.98627853,282690400
2018-02-12,39.625,40.97249985,39.37749863,40.67750168,38.47604752,243278000
2018-02-13,40.48749924,41.1875,40.41249847,41.08499908,38.86148834,130196800
2018-02-14,40.75999832,41.88499832,40.72000122,41.84249878,39.57799911,162579600
2018-02-15,42.44749832,43.27249908,42.25,43.24750137,40.90695953,204588800
2018-02-16,43.09000015,43.70500183,42.94250107,43.10749817,40.7745285,160704400
2018-02-20,43.01250076,43.56499863,42.85499954,42.96250153,40.63738632,135722000
2018-02-21,43.20750046,43.52999878,42.75249863,42.76750183,40.45293808,149886400
2018-02-22,42.95000076,43.48749924,42.92750168,43.125,40.79108429,123967600
2018-02-23,43.41749954,43.91249847,43.38499832,43.875,41.50049973,135249600
2018-02-26,44.08750153,44.84749985,44.05250168,44.74250031,42.32104492,152648800
2018-02-27,44.77500153,45.11999893,44.54000092,44.59749985,42.18390274,155712400
2018-02-28,44.81499863,45.15499878,44.51250076,44.52999878,42.12004852,151128400
2018-03-01,44.63499832,44.94499969,43.16500092,43.75,41.38225937,195208000
2018-03-02,43.20000076,44.07500076,43.11249924,44.05250168,41.66838837,153816000
2018-03-05,43.80250168,44.43500137,43.63000107,44.20500183,41.8126297,113605600
2018-03-06,44.47750092,44.5625,44.03250122,44.16749954,41.77716064,95154000
2018-03-07,43.73500061,43.96250153,43.56750107,43.75749969,41.38936234,126814000
2018-03-08,43.86999893,44.27999878,43.76750183,44.23500061,41.84101486,95096400
2018-03-09,44.49000168,45,44.34749985,44.99499893,42.55988693,128740800
2018-03-12,45.07249832,45.59749985,45.05250168,45.43000031,42.97134399,128828400
2018-03-13,45.64749908,45.875,44.81000137,44.99250031,42.55752182,126774000
2018-03-14,45.08000183,45.13000107,44.45249939,44.61000061,42.19571686,117473600
2018-03-15,44.625,45.06000137,44.51750183,44.66249847,42.2453804,90975200
2018-03-16,44.66249847,44.77999878,44.40499878,44.50500107,42.09640503,157618800
2018-03-19,44.33000183,44.36750031,43.41500092,43.82500076,41.45320129,133787200
2018-03-20,43.81000137,44.20000076,43.73500061,43.81000137,41.43902588,78597600
2018-03-21,43.75999832,43.77249908,42.81499863,42.81750107,40.50022507,148219600
2018-03-22,42.5,43.16999817,42.15000153,42.21250153,39.92797089,165963200
2018-03-23,42.09749985,42.47999954,41.23500061,41.23500061,39.00338364,164115200
2018-03-26,42.01750183,43.27500153,41.61000061,43.19250107,40.85492706,150164800
2018-03-27,43.41999817,43.78749847,41.72999954,42.08499908,39.80737305,163690400
2018-03-28,41.8125,42.50500107,41.29750061,41.61999893,39.36753464,166674000
2018-03-29,41.95249939,42.9375,41.72499847,41.94499969,39.67495728,153594000
2018-04-02,41.65999985,42.23500061,41.11750031,41.66999817,39.41483688,150347200
2018-04-03,41.90999985,42.1875,41.22000122,42.09749985,39.81919098,121112000
2018-04-04,41.22000122,43.00249863,41.19250107,42.90250015,40.58063507,138422000
2018-04-05,43.14500046,43.55749893,43.02000046,43.20000076,40.86203766,107732800
2018-04-06,42.74250031,43.11999893,42.04999924,42.09500122,39.81682587,140021200
2018-04-09,42.47000122,43.27249908,42.46250153,42.51250076,40.2117424,116070800
2018-04-10,43.25,43.5,42.88249969,43.3125,40.96843719,113634400
2018-04-11,43.05749893,43.47999954,42.92499924,43.11000061,40.77690125,89726400
2018-04-12,43.35250092,43.75,43.25999832,43.53499985,41.17890167,91557200
2018-04-13,43.69499969,43.95999908,43.46250153,43.68249893,41.31842422,100497200
2018-04-16,43.75749969,44.04750061,43.70750046,43.95500183,41.57617188,86313600
2018-04-17,44.12250137,44.73500061,44.10250092,44.56000137,42.14842224,106421600
2018-04-18,44.45249939,44.70500183,44.22000122,44.45999908,42.05384064,83018000
2018-04-19,43.43999863,43.84749985,43.16500092,43.20000076,40.86203766,139235200
2018-04-20,42.65000153,42.80500031,41.35749817,41.43000031,39.18782043,261964400
2018-04-23,41.70750046,41.72999954,41.02249908,41.31000137,39.07432175,146062000
2018-04-24,41.41749954,41.58250046,40.30500031,40.73500061,38.53044128,134768000
2018-04-25,40.65499878,41.35499954,40.60250092,40.91249847,38.69832611,113528400
2018-04-26,41.02999878,41.43249893,40.84249878,41.05500031,38.83311462,111852000
2018-04-27,41,41.08250046,40.15750122,40.58000183,38.38382339,142623200
2018-04-30,40.53250122,41.81499863,40.45999908,41.31499863,39.07905197,169709600
2018-05-01,41.60250092,42.29999924,41.31750107,42.27500153,39.98709106,214277600
2018-05-02,43.80749893,44.4375,43.45000076,44.14250183,41.75352859,266157600
2018-05-03,43.97000122,44.375,43.61000061,44.22249985,41.82917786,136272800
2018-05-04,44.5625,46.0625,44.54249954,45.95750046,43.47029495,224805200
2018-05-07,46.29499817,46.91749954,46.1875,46.29000092,43.78481293,169805600
2018-05-08,46.24750137,46.55500031,45.91749954,46.51250076,43.99525452,113611200
2018-05-09,46.63750076,46.84999847,46.30500031,46.84000015,44.30503082,92844800
2018-05-10,46.93500137,47.59249878,46.91249847,47.50999832,44.93877411,111957200
2018-05-11,47.37250137,47.51499939,46.86249924,47.14749908,44.76786804,104848800
2018-05-14,47.25249863,47.38249969,46.96500015,47.03749847,44.66341019,83115200
2018-05-15,46.69499969,46.76750183,46.27500153,46.61000061,44.25748825,94780800
2018-05-16,46.51750183,47.11500168,46.5,47.04499817,44.67053223,76732400
2018-05-17,47,47.22750092,46.59000015,46.74750137,44.38805008,69176000
2018-05-18,46.79750061,46.95249939,46.53250122,46.57749939,44.22663116,73190800
2018-05-21,47,47.31750107,46.72750092,46.90750122,44.53997421,73603200
2018-05-22,47.09500122,47.22000122,46.69499969,46.79000092,44.42840195,60962800
2018-05-23,46.58750153,47.125,46.43999863,47.09000015,44.71326065,80233600
2018-05-24,47.19250107,47.20999908,46.55250168,47.03749847,44.66341019,92936000
2018-05-25,47.05749893,47.41249847,46.91249847,47.14500046,44.76549149,69844000
2018-05-29,46.90000153,47.1875,46.71749878,46.97499847,44.60406876,90056400
2018-05-30,46.93000031,47,46.69499969,46.875,44.50911331,74762000
2018-05-31,46.80500031,47.05749893,46.53499985,46.71749878,44.35956192,109931200
2018-06-01,46.99750137,47.56499863,46.9375,47.56000137,45.15953827,93770000
2018-06-04,47.90999985,48.35499954,47.83750153,47.95750046,45.53698349,105064800
2018-06-05,48.26750183,48.48500061,48.09000015,48.32749939,45.88830948,86264000
2018-06-06,48.40750122,48.52000046,47.97999954,48.49499893,46.04734802,83734400
2018-06-07,48.53499985,48.54999924,48.08499908,48.36500168,45.92390823,85388800
2018-06-08,47.79249954,48,47.44250107,47.92499924,45.50611877,106627200
2018-06-11,47.83750153,47.99250031,47.55250168,47.80749893,45.39454269,73234000
2018-06-12,47.84749985,48.15250015,47.78749847,48.06999969,45.64379883,67644400
2018-06-13,48.10499954,48.22000122,47.61000061,47.67499924,45.26873398,86553600
2018-06-14,47.88750076,47.89250183,47.55500031,47.70000076,45.29247284,86440400
2018-06-15,47.50749969,47.54000092,47.06499863,47.20999908,44.82720566,246876800
2018-06-18,46.97000122,47.30500031,46.79999924,47.18500137,44.8034668,73939600
2018-06-19,46.28499985,46.58250046,45.86249924,46.42250061,44.07944489,134314000
2018-06-20,46.58750153,46.79999924,46.43249893,46.625,44.2717247,82514800
2018-06-21,46.8125,47.08750153,46.23500061,46.36500168,44.02486038,102847600
2018-06-22,46.52999878,46.53749847,46.17499924,46.22999954,43.89666367,108801600
2018-06-25,45.84999847,46.22999954,45.18249893,45.54249954,43.24386215,126652400
2018-06-26,45.74750137,46.63249969,45.63499832,46.10749817,43.78033829,98276800
2018-06-27,46.30749893,46.81999969,46.00749969,46.04000092,43.71625519,101141200
2018-06-28,46.02500153,46.55250168,45.95000076,46.375,44.03435898,69460800
2018-06-29,46.57249832,46.79750061,45.72750092,46.27750015,43.94176865,90950800
2018-07-02,45.95500183,46.82500076,45.85499954,46.79499817,44.43314743,70925200
2018-07-03,46.94749832,46.98749924,45.88499832,45.97999954,43.65927887,55819200
2018-07-05,46.31499863,46.60250092,46.06999969,46.34999847,44.01060867,66416800
2018-07-06,46.35499954,47.10749817,46.29999924,46.99250031,44.62068176,69940800
2018-07-09,47.375,47.66999817,47.32500076,47.64500046,45.24023819,79026400
2018-07-10,47.67750168,47.81999969,47.54499817,47.58750153,45.18564606,63756400
2018-07-11,47.125,47.44499969,46.90250015,46.97000122,44.59931946,75326000
2018-07-12,47.38249969,47.85250092,47.32749939,47.75749969,45.34706879,72164400
2018-07-13,47.77000046,47.95999908,47.72499847,47.83250046,45.41828537,50055600
2018-07-16,47.88000107,48.16249847,47.60499954,47.72750092,45.31857681,60172400
2018-07-17,47.4375,47.96749878,47.29999924,47.86249924,45.44676971,62138000
2018-07-18,47.94499969,47.95000076,47.48249817,47.59999847,45.1975174,65573600
2018-07-19,47.42250061,48.13750076,47.42250061,47.97000122,45.54885101,81147200
2018-07-20,47.94499969,48.10749817,47.54249954,47.86000061,45.44438934,82704800
2018-07-23,47.66999817,47.99000168,47.38999939,47.90250015,45.4847641,63957600
2018-07-24,48.11249924,48.41500092,48.01250076,48.25,45.81470871,74791600
2018-07-25,48.26499939,48.71250153,48.10749817,48.70500183,46.24676132,66839600
2018-07-26,48.65250015,48.99000168,48.40250015,48.55250168,46.1019516,76304000
2018-07-27,48.74750137,48.79750061,47.52500153,47.74499893,45.33519745,96096000
2018-07-30,47.97499847,48.04999924,47.26750183,47.47750092,45.08119965,84118000
2018-07-31,47.57500076,48.03499985,47.33499908,47.57249832,45.17140198,157492000
2018-08-01,49.78250122,50.43999863,49.32749939,50.375,47.83245468,271742800
2018-08-02,50.14500046,52.09500122,50.08750153,51.84749985,49.23064041,249616000
2018-08-03,51.75749969,52.18500137,51.36999893,51.99750137,49.37306213,133789600
2018-08-06,52,52.3125,51.76750183,52.26750183,49.62944794,101701600
2018-08-07,52.33000183,52.375,51.68999863,51.77750015,49.16416931,102349600
2018-08-08,51.51250076,51.95249939,51.13000107,51.8125,49.19739914,90102000
2018-08-09,52.38249969,52.44499969,51.79999924,52.22000122,49.5843277,93970400
2018-08-10,51.84000015,52.27500153,51.66749954,51.88249969,49.43664551,98444800
2018-08-13,52.32749939,52.73749924,51.92499924,52.21749878,49.75585556,103563600
2018-08-14,52.54000092,52.63999939,52.06499863,52.4375,49.9654808,82992000
2018-08-15,52.30500031,52.68500137,52.08250046,52.56000137,50.08221817,115230400
2018-08-16,52.9375,53.45249939,52.86750031,53.33000183,50.81591034,114001600
2018-08-17,53.36000061,54.48749924,53.29000092,54.39500046,51.83069611,141708000
2018-08-20,54.52500153,54.79499817,53.77750015,53.86500168,51.32568741,121150800
2018-08-21,54.20000076,54.29750061,53.50749969,53.75999832,51.22562408,104639200
2018-08-22,53.52500153,54.09000015,53.45999908,53.76250076,51.2280159,76072400
2018-08-23,53.66249847,54.26250076,53.65000153,53.87250137,51.33283997,75532800
2018-08-24,54.15000153,54.22499847,53.77750015,54.04000092,51.49243164,73905600
2018-08-27,54.28749847,54.68500137,54.08250046,54.48500061,51.91645432,82100400
2018-08-28,54.75249863,55.13499832,54.72999954,54.92499924,52.33572006,91107200
2018-08-29,55.03749847,55.87250137,54.85250092,55.74499893,53.11705399,109019200
2018-08-30,55.8125,57.06499863,55.59999847,56.25749969,53.60540009,195175200
2018-08-31,56.62749863,57.21749878,56.5,56.90750122,54.22476578,173360400
2018-09-04,57.10250092,57.29499817,56.65750122,57.09000015,54.39864731,109560400
2018-09-05,57.24750137,57.41749954,56.27500153,56.71749878,54.04371643,133332000
2018-09-06,56.55749893,56.83750153,55.32500076,55.77500153,53.14564133,137160000
2018-09-07,55.46250153,56.34249878,55.17750168,55.32500076,52.71685791,150479200
2018-09-10,55.23749924,55.46250153,54.11750031,54.58250046,52.00934982,158066000
2018-09-11,54.50249863,56.07500076,54.13999939,55.96250153,53.32430649,142996000
2018-09-12,56.23500061,56.25,54.95999908,55.26750183,52.66206741,197114800
2018-09-13,55.88000107,57.08750153,55.64250183,56.60250092,53.93413162,166825600
2018-09-14,56.4375,56.70999908,55.63000107,55.95999908,53.3219223,127997200
2018-09-17,55.53749847,55.73749924,54.31750107,54.47000122,51.90216064,148780400
2018-09-18,54.44749832,55.46250153,54.27999878,54.56000137,51.98792648,126286800
2018-09-19,54.625,54.90499878,53.82500076,54.59249878,52.01889038,108495200
2018-09-20,55.06000137,55.56999969,54.78749847,55.00749969,52.4143219,106435200
2018-09-21,55.19499969,55.34000015,54.32249832,54.41500092,51.84976959,384986800
2018-09-24,54.20500183,55.31499863,54.15750122,55.19749832,52.59536743,110773600
2018-09-25,54.9375,55.70500183,54.92499924,55.54750061,52.92886353,98217600
2018-09-26,55.25,55.9375,54.93999863,55.10499954,52.50723267,95938800
2018-09-27,55.95500183,56.61000061,55.88499832,56.23749924,53.58634186,120724800
2018-09-28,56.19749832,56.45999908,56.00500107,56.43500137,53.77453613,91717600
2018-10-01,56.98749924,57.35499954,56.58750153,56.81499863,54.13661194,94403200
2018-10-02,56.8125,57.5,56.65750122,57.31999969,54.61780167,99152800
2018-10-03,57.51250076,58.36750031,57.44499969,58.01750183,55.28242493,114619200
2018-10-04,57.69499969,58.08750153,56.68249893,56.99750137,54.31051254,128168000
2018-10-05,56.99000168,57.10250092,55.14500046,56.07249832,53.42911148,134322000
2018-10-08,55.55250168,56.20000076,55.04999924,55.94250107,53.30525589,118655600
2018-10-09,55.90999985,56.81750107,55.5625,56.71749878,54.04371643,107564000
2018-10-10,56.36500168,56.58750153,54.01250076,54.09000015,51.54008102,167962400
2018-10-11,53.63000107,54.875,53.08000183,53.61249924,51.08508301,212497600
2018-10-12,55.10499954,55.72000122,54.20999908,55.52750015,52.90980148,161351600
2018-10-15,55.29000092,55.45750046,54.31750107,54.34000015,51.77829361,123164000
2018-10-16,54.73249817,55.74750137,54.18999863,55.53749847,52.91934586,116736000
2018-10-17,55.57500076,55.65999985,54.83499908,55.29750061,52.69065094,91541600
2018-10-18,54.46500015,54.93500137,53.25,54.00500107,51.45908737,130325200
2018-10-19,54.51499939,55.31499863,54.35749817,54.82749939,52.24280167,132314800
2018-10-22,54.94749832,55.84000015,54.73500061,55.16249847,52.56201935,115168400
2018-10-23,53.95750046,55.8125,53.67499924,55.68249893,53.05749893,155071200
2018-10-24,55.65000153,56.05749893,53.63499832,53.77249908,51.23754501,163702000
2018-10-25,54.42750168,55.34500122,54.1875,54.95000076,52.35953903,119423200
2018-10-26,53.97499847,55.04750061,53.16749954,54.07500076,51.52578354,189033600
2018-10-29,54.79750061,54.92250061,51.52249908,53.06000137,50.5586319,183742000
2018-10-30,52.78749847,53.79499817,52.31750107,53.32500076,50.81113434,146640000
2018-10-31,54.22000122,55.11249924,54.15499878,54.71500015,52.13560486,153435600
2018-11-01,54.76250076,55.59000015,54.20249939,55.55500031,52.9360199,233292800
2018-11-02,52.38750076,53.41249847,51.35749817,51.86999893,49.42473984,365314800
2018-11-05,51.07500076,51.09749985,49.54249954,50.39749908,48.02164078,264654800
2018-11-06,50.47999954,51.18000031,50.42250061,50.94250107,48.54095078,127531600
2018-11-07,51.49250031,52.51499939,51.03250122,52.48749924,50.01311493,133697600
2018-11-08,52.49499893,52.52999878,51.6875,52.12250137,49.83863068,101450400
2018-11-09,51.38750076,51.50249863,50.5625,51.11750031,48.8776474,137463200
2018-11-12,49.75,49.96250153,48.44749832,48.54249954,46.4154892,204542000
2018-11-13,47.90750122,49.29499817,47.86249924,48.05749893,45.95174026,187531600
2018-11-14,48.47499847,48.61999893,46.48249817,46.70000076,44.65372467,243204000
2018-11-15,47.09749985,47.99250031,46.72499847,47.85250092,45.75572586,185915200
2018-11-16,47.625,48.74250031,47.36500168,48.38249969,46.26250076,147713200
2018-11-19,47.5,47.67499924,46.24750137,46.46500015,44.42901993,167701200
2018-11-20,44.59249878,45.36750031,43.87749863,44.24499893,42.30630112,271300800
2018-11-21,44.93249893,45.06750107,44.13750076,44.19499969,42.25848389,124496800
2018-11-23,43.73500061,44.15000153,43.02500153,43.07249832,41.18517685,94496000
2018-11-26,43.56000137,43.73749924,42.56499863,43.65499878,41.74214172,179994000
2018-11-27,42.87749863,43.69250107,42.72000122,43.56000137,41.6513176,165549600
2018-11-28,44.18249893,45.32249832,43.73249817,45.23500061,43.25291824,184250000
2018-11-29,45.66500092,45.70000076,44.42499924,44.88750076,42.92063522,167080000
2018-11-30,45.07249832,45.08250046,44.25749969,44.64500046,42.68876648,158126000
2018-12-03,46.11500168,46.23500061,45.30250168,46.20500183,44.18041229,163210000
2018-12-04,45.23749924,45.59749985,44.06750107,44.17250061,42.23698044,165377200
2018-12-06,42.93999863,43.69499969,42.60499954,43.68000031,41.76604843,172393600
2018-12-07,43.37250137,43.62250137,42.07500076,42.12250137,40.2767868,169126400
2018-12-10,41.25,42.52249908,40.83250046,42.40000153,40.54214478,248104000
2018-12-11,42.91500092,42.94749832,41.75,42.15750122,40.31025696,189126800
2018-12-12,42.59999847,42.97999954,42.25500107,42.27500153,40.42260742,142510800
2018-12-13,42.62250137,43.14250183,42.38750076,42.73749924,40.86484146,127594400
2018-12-14,42.25,42.27000046,41.31999969,41.36999893,39.55727005,162814800
2018-12-17,41.36249924,42.08750153,40.68249893,40.98500061,39.18914032,177151600
2018-12-18,41.34500122,41.88249969,41.09749985,41.51750183,39.69830322,135366000
2018-12-19,41.5,41.86249924,39.77249908,40.22249985,38.46004868,196189200
2018-12-20,40.09999847,40.52750015,38.82500076,39.20750046,37.48952866,259092000
2018-12-21,39.21500015,39.54000092,37.40750122,37.68249893,36.03135681,382978400
2018-12-24,37.03749847,37.88750076,36.64749908,36.70750046,35.09906387,148676800
2018-12-26,37.07500076,39.30749893,36.68000031,39.29249954,37.57080078,234330000
2018-12-27,38.95999908,39.19250107,37.51750183,39.03749847,37.32696915,212468400
2018-12-28,39.375,39.63000107,38.63750076,39.05749893,37.34609222,169165600
2018-12-31,39.63249969,39.84000015,39.11999893,39.43500137,37.70706177,140014000
2019-01-02,38.72249985,39.71250153,38.55749893,39.47999954,37.75008774,148158800
2019-01-03,35.99499893,36.43000031,35.5,35.54750061,33.98989868,365248800
2019-01-04,36.13249969,37.13750076,35.95000076,37.06499863,35.4408989,234428400
2019-01-07,37.17499924,37.20750046,36.47499847,36.98249817,35.36200714,219111200
2019-01-08,37.38999939,37.95500183,37.13000107,37.6875,36.03612518,164101200
2019-01-09,37.82249832,38.63249969,37.40750122,38.32749939,36.64808655,180396400
2019-01-10,38.125,38.49250031,37.71500015,38.45000076,36.7652092,143122800
2019-01-11,38.22000122,38.42499924,37.87749863,38.07249832,36.40425491,108092800
2019-01-14,37.71250153,37.81750107,37.30500031,37.5,35.85684204,129756800
2019-01-15,37.56750107,38.34749985,37.51250076,38.26750183,36.5907135,114843600
2019-01-16,38.27000046,38.97000122,38.25,38.73500061,37.03772354,122278800
2019-01-17,38.54999924,39.41500092,38.31499863,38.96500015,37.25764084,119284800
2019-01-18,39.375,39.47000122,38.99499893,39.20500183,37.48714066,135004000
2019-01-22,39.10250092,39.18249893,38.15499878,38.32500076,36.64569855,121576000
2019-01-23,38.53749847,38.78499985,37.92499924,38.47999954,36.79390335,92522400
2019-01-24,38.52750015,38.61999893,37.93500137,38.17499924,36.50226212,101766000
2019-01-25,38.86999893,39.53250122,38.58000183,39.43999863,37.71184158,134142000
2019-01-28,38.94749832,39.08250046,38.41500092,39.07500076,37.36283875,104768400
2019-01-29,39.0625,39.53250122,38.52750015,38.66999817,36.97558212,166348800
2019-01-30,40.8125,41.53749847,40.05749893,41.3125,39.50229263,244439200
2019-01-31,41.52750015,42.25,41.13999939,41.61000061,39.78675079,162958400
2019-02-01,41.74000168,42.24499893,41.48249817,41.63000107,39.80587769,130672400
2019-02-04,41.85250092,42.91500092,41.81999969,42.8125,40.93655396,125982000
2019-02-05,43.21500015,43.77000046,43.08750153,43.54499817,41.63696289,144406400
2019-02-06,43.66249847,43.89250183,43.21250153,43.56000137,41.6513176,112958400
2019-02-07,43.09999847,43.48500061,42.58499908,42.73500061,40.86245346,126966800
2019-02-08,42.24750137,42.66500092,42.10499954,42.60250092,40.91047668,95280000
2019-02-11,42.76250076,42.80250168,42.3125,42.35749817,40.67520142,83973600
2019-02-12,42.52500153,42.75,42.42499924,42.72249985,41.02569962,89134000
2019-02-13,42.84749985,43.11999893,42.47999954,42.54499817,40.85525894,89960800
2019-02-14,42.42750168,42.81499863,42.34500122,42.70000076,41.00409698,87342800
2019-02-15,42.8125,42.92499924,42.4375,42.60499954,40.91287613,98507200
2019-02-19,42.42750168,42.86000061,42.37250137,42.73249817,41.03530884,75891200
2019-02-20,42.79750061,43.33000183,42.74750137,43.00749969,41.29938507,104457600
2019-02-21,42.95000076,43.09249878,42.57500076,42.76499939,41.06652069,68998800
2019-02-22,42.89500046,43.25,42.84500122,43.24250031,41.52505112,75652800
2019-02-25,43.54000092,43.96749878,43.48749924,43.55749893,41.82754517,87493600
2019-02-26,43.42750168,43.82500076,43.29249954,43.58250046,41.85154343,68280800
2019-02-27,43.30250168,43.75,43.18249893,43.71749878,41.98118591,111341600
2019-02-28,43.58000183,43.72750092,43.22999954,43.28749847,41.56826782,112861600
2019-03-01,43.56999969,43.78749847,43.22249985,43.74250031,42.00519562,103544800
2019-03-04,43.92250061,44.4375,43.49250031,43.96250153,42.21645737,109744800
2019-03-05,43.98500061,44,43.63499832,43.88249969,42.13963699,78949600
2019-03-06,43.66749954,43.87250137,43.48500061,43.63000107,41.89716721,83241600
2019-03-07,43.46749878,43.61000061,43.00500107,43.125,41.41222,99185600
2019-03-08,42.58000183,43.26750183,42.375,43.22750092,41.51066208,95997600
2019-03-11,43.87250137,44.77999878,43.83750153,44.72499847,42.94867325,128044000
2019-03-12,45,45.66749954,44.84249878,45.22750092,43.43121719,129870400
2019-03-13,45.5625,45.82500076,45.22999954,45.42750168,43.62327576,124130000
2019-03-14,45.97499847,46.02500153,45.63999939,45.93249893,44.1082077,94318000
2019-03-15,46.21250153,46.83250046,45.93500137,46.52999878,44.68198013,156171600
2019-03-18,46.45000076,47.09749985,46.44749832,47.00500107,45.13813019,104879200
2019-03-19,47.08750153,47.24750137,46.47999954,46.63249969,44.78041077,126585600
2019-03-20,46.55749893,47.37250137,46.18249893,47.04000092,45.17172623,124140800
2019-03-21,47.50500107,49.08250046,47.45249939,48.77249908,46.83541107,204136800
2019-03-22,48.83499908,49.42250061,47.69499969,47.76250076,45.86553955,169630800
2019-03-25,47.87749863,47.99499893,46.65000153,47.18500137,45.31097412,175381200
2019-03-26,47.91500092,48.22000122,46.14500046,46.69749832,44.84283447,199202000
2019-03-27,47.1875,47.43999863,46.63750076,47.11750031,45.2461586,119393600
2019-03-28,47.23749924,47.38999939,46.88249969,47.18000031,45.30617142,83121600
2019-03-29,47.45750046,47.52000046,47.13499832,47.48749924,45.60145187,94256000
2019-04-01,47.90999985,47.91999817,47.09500122,47.81000137,45.91115189,111448000
2019-04-02,47.77249908,48.61500168,47.76250076,48.50500107,46.57854462,91062800
2019-04-03,48.3125,49.125,48.28749847,48.83750153,46.89784241,93087200
2019-04-04,48.69749832,49.09249878,48.28499985,48.92250061,46.97946548,76457200
2019-04-05,49.11249924,49.27500153,48.98249817,49.25,47.29395676,74106400
2019-04-08,49.10499954,50.05749893,49.08499908,50.02500153,48.03816986,103526800
2019-04-09,50.08000183,50.71250153,49.80749893,49.875,47.89412689,143072800
2019-04-10,49.66999817,50.18500137,49.54499817,50.15499878,48.16301727,86781200
2019-04-11,50.21250153,50.25,49.61000061,49.73749924,47.76209259,83603200
2019-04-12,49.79999924,50.03499985,49.05250168,49.71749878,47.74287796,111042800
2019-04-15,49.64500046,49.96250153,49.50249863,49.80749893,47.82932281,70146400
2019-04-16,49.86500168,50.34249878,49.63999939,49.8125,47.83411789,102785600
2019-04-17,49.88499832,50.84500122,49.65250015,50.78250122,48.76559067,115627200
2019-04-18,50.77999878,51.03749847,50.63000107,50.96500015,48.9408493,96783200
2019-04-22,50.70750046,51.23500061,50.58499908,51.13249969,49.10169601,77758000
2019-04-23,51.10749817,51.9375,50.97499847,51.86999893,49.80988693,93292000
2019-04-24,51.84000015,52.11999893,51.76250076,51.79000092,49.73306656,70162400
2019-04-25,51.70750046,51.93999863,51.27999878,51.31999969,49.28173828,74172800
2019-04-26,51.22499847,51.25,50.52999878,51.07500076,49.04647064,74596400
2019-04-29,51.09999847,51.49250031,50.96500015,51.15250015,49.12089539,88818800
2019-04-30,50.76499939,50.84999847,49.77750015,50.16749954,48.17502594,186139600
2019-05-01,52.47000122,53.82749939,52.30749893,52.63000107,50.53971481,259309200
2019-05-02,52.45999908,53.16249847,52.03250122,52.28749847,50.21081924,127985200
2019-05-03,52.72249985,52.95999908,52.55749893,52.9375,50.8350029,83569600
2019-05-06,51.07249832,52.20999908,50.875,52.11999893,50.04996872,129772400
2019-05-07,51.47000122,51.85499954,50.20750046,50.71500015,48.70077896,155054800
2019-05-08,50.47499847,51.33499908,50.4375,50.72499847,48.71037674,105358000
2019-05-09,50.09999847,50.41999817,49.16500092,50.18000031,48.18701553,139634400
2019-05-10,49.35499954,49.71250153,48.19250107,49.29499817,47.51947403,164834800
2019-05-13,46.92750168,47.36999893,45.71250153,46.43000031,44.75764847,229722400
2019-05-14,46.60250092,47.42499924,46.35250092,47.16500092,45.46618652,146118800
2019-05-15,46.56750107,47.9375,46.50500107,47.72999954,46.01083374,106178800
2019-05-16,47.47750092,48.11750031,47.20999908,47.52000046,45.8083992,132125600
2019-05-17,46.73249817,47.72499847,46.68999863,47.25,45.54811478,131516400
2019-05-20,45.88000107,46.08750153,45.06999969,45.77249908,44.1238327,154449200
2019-05-21,46.30500031,47,46.17499924,46.65000153,44.96972656,113459200
2019-05-22,46.16500092,46.42750168,45.63750076,45.69499969,44.04912949,118994400
2019-05-23,44.95000076,45.13499832,44.45249939,44.91500092,43.29722595,146118800
2019-05-24,45.04999924,45.53499985,44.65499878,44.74250031,43.13093185,94858800
2019-05-28,44.72999954,45.14749908,44.47750092,44.55749893,42.95259094,111792800
2019-05-29,44.10499954,44.83750153,44,44.34500122,42.74775696,113924800
2019-05-30,44.48749924,44.80749893,44.16749954,44.57500076,42.96947098,84873600
2019-05-31,44.05749893,44.49750137,43.74750137,43.76750183,42.19105911,108174400
2019-06-03,43.90000153,44.47999954,42.56750107,43.32500076,41.76449203,161584400
2019-06-04,43.86000061,44.95750046,43.63000107,44.90999985,43.29240417,123872000
2019-06-05,46.06999969,46.24750137,45.28499985,45.63499832,43.99129486,119093600
2019-06-06,45.77000046,46.36750031,45.53749847,46.30500031,44.63716125,90105200
2019-06-07,46.62749863,47.97999954,46.44250107,47.53749847,45.82526779,122737600
2019-06-10,47.95249939,48.84249878,47.90499878,48.14500046,46.41088486,104883600
2019-06-11,48.71500015,49,48.40000153,48.70249939,46.94830704,107731600
2019-06-12,48.48749924,48.99250031,48.34749985,48.54750061,46.79888153,73012800
2019-06-13,48.67499924,49.19749832,48.40000153,48.53749847,46.78924179,86698400
2019-06-14,47.88750076,48.39749908,47.57500076,48.18500137,46.44945145,75046000
2019-06-17,48.22499847,48.74000168,48.04249954,48.47249985,46.7265892,58676400
2019-06-18,49.01250076,50.07249832,48.80250168,49.61249924,47.82551956,106204000
2019-06-19,49.91999817,49.97000122,49.32749939,49.46749878,47.68574905,84496800
2019-06-20,50.09249878,50.15250015,49.50749969,49.86500168,48.06892014,86056000
2019-06-21,49.70000076,50.21250153,49.53749847,49.69499969,47.90505219,191202400
2019-06-24,49.63499832,50.04000092,49.54249954,49.64500046,47.85685349,72881600
2019-06-25,49.60749817,49.81499863,48.82249832,48.89250183,47.1314621,84281200
2019-06-26,49.44250107,50.24750137,49.33750153,49.95000076,48.15087128,104270000
2019-06-27,50.07249832,50.39250183,49.89250183,49.93500137,48.13640594,83598800
2019-06-28,49.66999817,49.875,49.26250076,49.47999954,47.69779205,124442400
2019-07-01,50.79249954,51.12250137,50.16249847,50.38750076,48.57260895,109012000
2019-07-02,50.35250092,50.78250122,50.34000015,50.68249893,48.85699081,67740800
2019-07-03,50.81999969,51.11000061,50.67250061,51.10250092,49.26185226,45448000
2019-07-05,50.83750153,51.27000046,50.72499847,51.05749893,49.21847534,69062000
2019-07-08,50.20249939,50.34999847,49.60250092,50.00500107,48.2038765,101354400
2019-07-09,49.79999924,50.37749863,49.70249939,50.31000137,48.49790573,82312000
2019-07-10,50.46250153,50.93249893,50.38999939,50.80749893,48.97748947,71588400
2019-07-11,50.82749939,51.09749985,50.42750168,50.4375,48.62081146,80767200
2019-07-12,50.61249924,51,50.54999924,50.82500076,48.99434662,70380800
2019-07-15,51.02249908,51.46749878,51,51.30250168,49.45465469,67789600
2019-07-16,51.14749908,51.52750015,50.875,51.125,49.28355026,67467200
2019-07-17,51.01250076,51.27249908,50.81750107,50.83750153,49.00640106,56430000
2019-07-18,51,51.47000122,50.92499924,51.41500092,49.56310654,74162400
2019-07-19,51.44749832,51.625,50.59000015,50.64749908,48.82323837,83717200
2019-07-22,50.91249847,51.80749893,50.90250015,51.80500031,49.93904877,89111600
2019-07-23,52.11500168,52.22750092,51.82249832,52.20999908,50.32946777,73420800
2019-07-24,51.91749954,52.28749847,51.79249954,52.16749954,50.2884903,59966400
2019-07-25,52.22249985,52.31000137,51.68249893,51.75500107,49.8908577,55638400
2019-07-26,51.86999893,52.43249893,51.78499985,51.93500137,50.06438065,70475600
2019-07-29,52.11500168,52.65999985,52.11000061,52.41999817,50.5318985,86693600
2019-07-30,52.18999863,52.54000092,51.82749939,52.19499969,50.3150177,135742800
2019-07-31,54.10499954,55.34249878,52.82500076,53.25999832,51.3416481,277125600
2019-08-01,53.47499847,54.50749969,51.68500137,52.10749817,50.23065567,216071600
2019-08-02,51.38249969,51.60749817,50.40750122,51.00500107,49.16786575,163448400
2019-08-05,49.49750137,49.66249847,48.14500046,48.33499908,46.59403992,209572000
2019-08-06,49.07749939,49.51750183,48.50999832,49.25,47.47608566,143299200
2019-08-07,48.85250092,49.88999939,48.45500183,49.75999832,47.9677124,133457600
2019-08-08,50.04999924,50.88249969,49.84749985,50.85749817,49.02569199,108038000
2019-08-09,50.32500076,50.68999863,49.82249832,50.24750137,48.62168884,98478800
2019-08-12,49.90499878,50.51250076,49.78749847,50.11999893,48.4983139,89927600
2019-08-13,50.25500107,53.03499985,50.11999893,52.24250031,50.5521431,188874000
2019-08-14,50.79000092,51.61000061,50.64749908,50.6875,49.04745865,146189600
2019-08-15,50.86500168,51.28499985,49.91749954,50.43500137,48.80311966,108909600
2019-08-16,51.06999969,51.79000092,50.95999908,51.625,49.95462799,110481600
2019-08-19,52.65499878,53.18249893,52.50749969,52.58750153,50.88598251,97654400
2019-08-20,52.72000122,53.33750153,52.58000183,52.59000015,50.88840485,107537200
2019-08-21,53.24750137,53.41249847,52.90000153,53.15999985,51.43996429,86141600
2019-08-22,53.29750061,53.61000061,52.6875,53.11500168,51.39641953,89014800
2019-08-23,52.35749817,53.01250076,50.25,50.65999985,49.02085114,187272000
2019-08-26,51.46500015,51.79750061,51.26499939,51.62250137,49.95220184,104174400
2019-08-27,51.96500015,52.13750076,50.88249969,51.04000092,49.3885498,103493200
2019-08-28,51.02500153,51.43000031,50.83000183,51.38249969,49.71995926,63755200
2019-08-29,52.125,52.33000183,51.66500092,52.25249863,50.56182098,83962000
2019-08-30,52.54000092,52.61249924,51.79999924,52.18500137,50.49651718,84573600
2019-09-03,51.60749817,51.74499893,51.05500031,51.42499924,49.76109314,80092000
2019-09-04,52.09749985,52.36999893,51.83000183,52.29750061,50.60536194,76752400
2019-09-05,53,53.49250031,52.87749863,53.31999969,51.59478378,95654800
2019-09-06,53.51250076,53.60499954,53.12749863,53.31499863,51.58993912,77449200
2019-09-09,53.70999908,54.11000061,52.76750183,53.54249954,51.8100853,109237600
2019-09-10,53.46500015,54.19499969,52.92750168,54.17499924,52.4221077,127111600
2019-09-11,54.51750183,55.92750168,54.43249893,55.89749908,54.08887863,177158400
2019-09-12,56.20000076,56.60499954,55.71500015,55.77249908,53.96791458,128906800
2019-09-13,55,55.19749832,54.25500107,54.6875,52.91802979,159053200
2019-09-16,54.43249893,55.03250122,54.38999939,54.97499847,53.19622803,84632400
2019-09-17,54.99000168,55.20500183,54.77999878,55.17499924,53.38976288,73274800
2019-09-18,55.26499939,55.71250153,54.86000061,55.69250107,53.89051437,101360000
2019-09-19,55.50249863,55.93999863,55.09249878,55.24000168,53.45265579,88242400
2019-09-20,55.34500122,55.63999939,54.36750031,54.43249893,52.67127991,221652400
2019-09-23,54.73749924,54.95999908,54.41249847,54.68000031,52.91077423,76662000
2019-09-24,55.25749969,55.62250137,54.29750061,54.41999817,52.65917969,124763200
2019-09-25,54.63750076,55.375,54.28499985,55.25749969,53.46958923,87613600
2019-09-26,55,55.23500061,54.70750046,54.97249985,53.19380951,75334000
2019-09-27,55.13499832,55.24000168,54.31999969,54.70500183,52.93496323,101408000
2019-09-30,55.22499847,56.14500046,55.19749832,55.99250031,54.18081284,103909600
2019-10-01,56.26750183,57.05500031,56.04999924,56.14749908,54.33079529,139223200
2019-10-02,55.76499939,55.89500046,54.48249817,54.74000168,52.96882629,138449200
2019-10-03,54.60749817,55.24000168,53.78250122,55.20500183,53.41878891,114426000
2019-10-04,56.40999985,56.87250137,55.97249985,56.75249863,54.91622162,138478800
2019-10-07,56.56750107,57.48249817,56.45999908,56.76499939,54.92831039,122306000
2019-10-08,56.45500183,57.01499939,56.08250046,56.09999847,54.28482819,111820000
2019-10-09,56.75749969,56.94749832,56.40999985,56.75749969,54.92105865,74770400
2019-10-10,56.98249817,57.61000061,56.82500076,57.52249908,55.66130829,113013600
2019-10-11,58.23749924,59.40999985,58.07749939,59.05250168,57.14180374,166795600
2019-10-14,58.72499847,59.53250122,58.66749954,58.96749878,57.05955124,96427600
2019-10-15,59.09749985,59.41249847,58.72000122,58.83000183,56.9264946,87360000
2019-10-16,58.34249878,58.81000137,58.29999924,58.59249878,56.69667435,73903200
2019-10-17,58.77249908,59.03749847,58.38000107,58.81999969,56.91681671,67585200
2019-10-18,58.64749908,59.39500046,58.57249832,59.10250092,57.19018173,97433600
2019-10-21,59.38000107,60.24750137,59.33000183,60.12749863,58.18200684,87247200
2019-10-22,60.29000092,60.54999924,59.90499878,59.99000168,58.04896545,82293600
2019-10-23,60.52500153,60.81000137,60.30500031,60.79499817,58.82791519,75828800
2019-10-24,61.12749863,61.20000076,60.45249939,60.89500046,58.92468262,69275200
2019-10-25,60.79000092,61.68249893,60.72000122,61.64500046,59.65041351,73477200
2019-10-28,61.85499954,62.3125,61.68000031,62.26250076,60.24793243,96572800
2019-10-29,62.24250031,62.4375,60.64250183,60.82249832,58.85452271,142839600
2019-10-30,61.18999863,61.32500076,60.30250168,60.81499863,58.84726334,124522000
2019-10-31,61.81000137,62.29249954,59.31499863,62.18999863,60.17778397,139162000
2019-11-01,62.38499832,63.98249817,62.29000092,63.95500183,61.88567734,151125200
2019-11-04,64.33249664,64.46250153,63.84500122,64.375,62.29208755,103272000
2019-11-05,64.26249695,64.54750061,64.08000183,64.28250122,62.20258331,79897600
2019-11-06,64.19249725,64.37249756,63.84249878,64.30999756,62.22918701,75864400
2019-11-07,64.68499756,65.08750153,64.52749634,64.85749817,62.94738388,94940400
2019-11-08,64.67250061,65.11000061,64.21250153,65.03500366,63.11966705,69986400
2019-11-11,64.57499695,65.61750031,64.56999969,65.55000305,63.61948013,81821200
2019-11-12,65.38749695,65.69750214,65.23000336,65.48999786,63.56127167,87388800
2019-11-13,65.28250122,66.19499969,65.26750183,66.11750031,64.17027283,102734400
2019-11-14,65.9375,66.22000122,65.52500153,65.66000366,63.7262764,89182800
2019-11-15,65.91999817,66.44499969,65.75250244,66.44000244,64.48329163,100206400
2019-11-18,66.44999695,66.85749817,66.05750275,66.77500153,64.80843353,86703200
2019-11-19,66.97499847,67,66.34750366,66.57250214,64.61188507,76167200
2019-11-20,66.38500214,66.51999664,65.09999847,65.79750061,63.85970688,106234400
2019-11-21,65.92250061,66.00250244,65.29499817,65.50250244,63.5734024,121395200
2019-11-22,65.64749908,65.79499817,65.20999908,65.44499969,63.51757431,65325200
2019-11-25,65.67749786,66.61000061,65.62999725,66.59249878,64.63127899,84020400
2019-11-26,66.73500061,66.79000092,65.625,66.07250214,64.1266098,105207600
2019-11-27,66.39499664,66.99500275,66.32749939,66.95999908,64.98796844,65235600
2019-11-29,66.65000153,67,66.47499847,66.8125,64.84481812,46617600
2019-12-02,66.81749725,67.0625,65.86250305,66.04000092,64.09506989,94487200
2019-12-03,64.57749939,64.88249969,64.07250214,64.86250305,62.95224762,114430400
2019-12-04,65.26750183,65.82749939,65.16999817,65.43499756,63.50788498,67181600
2019-12-05,65.94750214,66.47250366,65.68250275,66.39499664,64.43959808,74424400
2019-12-06,66.87000275,67.75,66.82499695,67.67749786,65.68431854,106075600
2019-12-09,67.5,67.69999695,66.22750092,66.73000336,64.76475525,128042400
2019-12-10,67.15000153,67.51750183,66.46499634,67.12000275,65.14324951,90420400
2019-12-11,67.20249939,67.77500153,67.125,67.69249725,65.69890594,78756800
2019-12-12,66.94499969,68.13999939,66.83000183,67.86499786,65.86629486,137310400
2019-12-13,67.86499786,68.82499695,67.73249817,68.78749847,66.76165009,133587600
2019-12-16,69.25,70.19750214,69.24500275,69.96499634,67.90446472,128186000
2019-12-17,69.89250183,70.44249725,69.69999695,70.10250092,68.03793335,114158400
2019-12-18,69.94999695,70.47499847,69.77999878,69.93499756,67.87534332,116028400
2019-12-19,69.875,70.29499817,69.73750305,70.00499725,67.94327545,98369200
2019-12-20,70.55750275,70.66249847,69.63999939,69.86000061,67.8025589,275978000
2019-12-23,70.13249969,71.0625,70.09249878,71,68.90898895,98572000
2019-12-24,71.17250061,71.22250366,70.73000336,71.06749725,68.97451782,48478800
2019-12-26,71.20500183,72.49500275,71.17500305,72.47750092,70.34297943,93121200
2019-12-27,72.77999878,73.49250031,72.02999878,72.44999695,70.31629181,146266000
2019-12-30,72.36499786,73.17250061,71.30500031,72.87999725,70.73361969,144114400
2019-12-31,72.48249817,73.41999817,72.37999725,73.41249847,71.25045013,100805600
2020-01-02,74.05999756,75.15000153,73.79750061,75.08750153,72.87612915,135480400
2020-01-03,74.28749847,75.14499664,74.125,74.35749817,72.16761017,146322800
2020-01-06,73.44750214,74.98999786,73.1875,74.94999695,72.74265289,118387200
2020-01-07,74.95999908,75.22499847,74.37000275,74.59750366,72.40054321,108872000
2020-01-08,74.29000092,76.11000061,74.29000092,75.79750061,73.56517792,132079200
2020-01-09,76.80999756,77.60749817,76.55000305,77.40750122,75.12779236,170108400
2020-01-10,77.65000153,78.16750336,77.0625,77.58249664,75.29762268,140644800
2020-01-13,77.91000366,79.26750183,77.78749847,79.23999786,76.90629578,121532000
2020-01-14,79.17500305,79.39250183,78.04250336,78.16999817,75.867836,161954400
2020-01-15,77.96250153,78.875,77.38749695,77.83499908,75.54270172,121923600
2020-01-16,78.39749908,78.92500305,78.02249908,78.80999756,76.48898315,108829200
2020-01-17,79.06749725,79.68499756,78.75,79.68250275,77.33577728,137816400
2020-01-21,79.29750061,79.75499725,79,79.14250183,76.81169128,110843200
2020-01-22,79.64499664,79.99749756,79.32749939,79.42500305,77.08587646,101832400
2020-01-23,79.48000336,79.88999939,78.91249847,79.80750275,77.45710754,104472000
2020-01-24,80.0625,80.83249664,79.37999725,79.57749939,77.23387909,146537600
2020-01-27,77.51499939,77.94249725,76.22000122,77.23750305,74.96279144,161940000
2020-01-28,78.15000153,79.59999847,78.04750061,79.42250061,77.08343506,162234000
2020-01-29,81.11250305,81.96250153,80.34500122,81.08499908,78.69698334,216229200
2020-01-30,80.13500214,81.02249908,79.6875,80.96749878,78.58294678,126743200
2020-01-31,80.23249817,80.66999817,77.07250214,77.37750244,75.0986557,199588400
2020-02-03,76.07499695,78.37249756,75.55500031,77.16500092,74.89243317,173788400
2020-02-04,78.82749939,79.91000366,78.40750122,79.71250153,77.36489868,136616400
2020-02-05,80.87999725,81.19000244,79.73750305,80.36250305,77.99575043,118826800
2020-02-06,80.64250183,81.30500031,80.06500244,81.30249786,78.90807343,105425600
2020-02-07,80.59249878,80.84999847,79.5,80.00749969,77.83551025,117684000
2020-02-10,78.54499817,80.38749695,78.46250153,80.38749695,78.20519257,109348800
2020-02-11,80.90000153,80.97499847,79.67749786,79.90249634,77.73336029,94323200
2020-02-12,80.36750031,81.80500031,80.36750031,81.80000305,79.5793457,113730400
2020-02-13,81.04750061,81.55500031,80.83750153,81.21749878,79.01264191,94747600
2020-02-14,81.18499756,81.49500275,80.71250153,81.23750305,79.03210449,80113600
2020-02-18,78.83999634,79.9375,78.65249634,79.75,77.58499908,152531200
2020-02-19,80,81.14250183,80,80.90499878,78.70862579,93984000
2020-02-20,80.65750122,81.16249847,79.55249786,80.07499695,77.90116882,100566000
2020-02-21,79.65499878,80.11250305,77.625,78.26249695,76.13788605,129554000
2020-02-24,74.31500244,76.04499817,72.30750275,74.54499817,72.52127838,222195200
2020-02-25,75.23750305,75.63249969,71.53250122,72.01999664,70.06483459,230673600
2020-02-26,71.63249969,74.47000122,71.625,73.16249847,71.17633057,198054800
2020-02-27,70.27500153,71.5,68.23999786,68.37999725,66.52365875,320605600
2020-02-28,64.31500244,69.60250092,64.09249878,68.33999634,66.48474121,426510000
2020-03-02,70.56999969,75.36000061,69.43000031,74.70249939,72.6745224,341397200
2020-03-03,75.91750336,76,71.44999695,72.33000183,70.36642456,319475600
2020-03-04,74.11000061,75.84999847,73.28250122,75.68499756,73.63033295,219178400
2020-03-05,73.87999725,74.88749695,72.85250092,73.23000336,71.24199677,187572800
2020-03-06,70.5,72.70500183,70.30750275,72.25749969,70.29588318,226176800
2020-03-09,65.9375,69.52249908,65.75,66.54250336,64.73605347,286744800
2020-03-10,69.28500366,71.61000061,67.34249878,71.33499908,69.39842224,285290000
2020-03-11,69.34750366,70.30500031,67.96499634,68.85749817,66.9881897,255598800
2020-03-12,63.98500061,67.5,62,62.05749893,60.37278748,418474000
2020-03-13,66.22250366,69.98000336,63.23749924,69.49250031,67.60597229,370732000
2020-03-16,60.48749924,64.76999664,60,60.55250168,58.90865707,322423600
2020-03-17,61.87749863,64.40249634,59.59999847,63.21500015,61.49887848,324056000
2020-03-18,59.94250107,62.5,59.27999878,61.66749954,59.9933815,300233600
2020-03-19,61.84749985,63.20999908,60.65250015,61.19499969,59.53371048,271857200
2020-03-20,61.79499817,62.95750046,57,57.31000137,55.75418472,401693200
2020-03-23,57.02000046,57.125,53.15250015,56.09249878,54.56973267,336752800
2020-03-24,59.09000015,61.92250061,58.57500076,61.72000122,60.04445648,287531200
2020-03-25,62.6875,64.5625,61.07500076,61.38000107,59.71369171,303602000
2020-03-26,61.63000107,64.66999817,61.59000015,64.61000061,62.85601044,252087200
2020-03-27,63.1875,63.96749878,61.76250076,61.93500137,60.25362015,204216800
2020-03-30,62.68500137,63.88000107,62.34999847,63.70249939,61.97313309,167976400
2020-03-31,63.90000153,65.62249756,63,63.57249832,61.84666443,197002000
2020-04-01,61.625,62.18000031,59.78250122,60.22750092,58.59247971,176218400
2020-04-02,60.08499908,61.28749847,59.22499847,61.23249817,59.57019043,165934000
2020-04-03,60.70000076,61.42499924,59.74250031,60.35250092,58.71408463,129880000
2020-04-06,62.72499847,65.77749634,62.34500122,65.61750031,63.83613968,201820400
2020-04-07,67.69999695,67.92500305,64.75,64.85749817,63.09677505,202887200
2020-04-08,65.68499756,66.84249878,65.30750275,66.51750183,64.71172333,168895200
2020-04-09,67.17500305,67.51750183,66.17500305,66.99749756,65.17867279,161834800
2020-04-13,67.07749939,68.42500305,66.45749664,68.3125,66.45798492,131022800
2020-04-14,70,72.0625,69.51249695,71.76249695,69.8143158,194994800
2020-04-15,70.59999847,71.58249664,70.15750122,71.10749817,69.17711639,131154400
2020-04-16,71.84500122,72.05000305,70.58750153,71.67250061,69.72678375,157125200
2020-04-17,71.17250061,71.73750305,69.21499634,70.69999695,68.78067017,215250000
2020-04-20,69.48750305,70.41999817,69.21250153,69.23249817,67.35301971,130015200
2020-04-21,69.06999969,69.3125,66.35749817,67.09249878,65.27111053,180991600
2020-04-22,68.40249634,69.47499847,68.05000305,69.02500153,67.15116119,116862400
2020-04-23,68.96749878,70.4375,68.71749878,68.75749969,66.89089203,124814400
2020-04-24,69.30000305,70.75250244,69.25,70.74250031,68.82200623,126161200
2020-04-27,70.44999695,71.13500214,69.98750305,70.79250336,68.87067413,117087600
2020-04-28,71.26999664,71.45749664,69.55000305,69.64499664,67.75431824,112004800
2020-04-29,71.18250275,72.41750336,70.97250366,71.93250275,69.97970581,137280800
2020-04-30,72.48999786,73.63249969,72.08750153,73.44999695,71.45601654,183064000
2020-05-01,71.5625,74.75,71.46250153,72.26750183,70.30562592,240616800
2020-05-04,72.29250336,73.42250061,71.58000183,73.29000092,71.30036926,133568000
2020-05-05,73.76499939,75.25,73.61499786,74.38999939,72.37049103,147751200
2020-05-06,75.11499786,75.80999756,74.71749878,75.15750122,73.11716461,142333600
2020-05-07,75.80500031,76.29250336,75.49250031,75.93499756,73.87355804,115215200
2020-05-08,76.41000366,77.58750153,76.07250214,77.53250122,75.63188171,133838400
2020-05-11,77.02500153,79.26249695,76.80999756,78.75250244,76.82197571,145946400
2020-05-12,79.45749664,79.92250061,77.72750092,77.85250092,75.94403076,162301200
2020-05-13,78.03749847,78.98750305,75.80249786,76.91249847,75.02706146,200622400
2020-05-14,76.12750244,77.44750214,75.38249969,77.38500214,75.48799133,158929200
2020-05-15,75.08750153,76.97499847,75.05249786,76.92749786,75.0417099,166348400
2020-05-18,78.29250336,79.125,77.58000183,78.73999786,76.80976105,135178400
2020-05-19,78.75749969,79.62999725,78.25250244,78.28500366,76.36593628,101729600
2020-05-20,79.16999817,79.87999725,79.12999725,79.80750275,77.85111237,111504800
2020-05-21,79.66500092,80.22250366,78.96749878,79.21250153,77.27068329,102688800
2020-05-22,78.94249725,79.80750275,78.83750153,79.72250366,77.76819611,81803200
2020-05-26,80.875,81.05999756,79.125,79.18250275,77.24142456,125522000
2020-05-27,79.03500366,79.67749786,78.27249908,79.52749634,77.57795715,112945200
2020-05-28,79.19249725,80.86000061,78.90750122,79.5625,77.61209869,133560800
2020-05-29,79.8125,80.28749847,79.11750031,79.48500061,77.53650665,153532400
2020-06-01,79.4375,80.58750153,79.30249786,80.46250153,78.49005127,80791200
2020-06-02,80.1875,80.86000061,79.73249817,80.83499908,78.85341644,87642800
2020-06-03,81.16500092,81.55000305,80.57499695,81.27999878,79.28748322,104491200
2020-06-04,81.09750366,81.40499878,80.19499969,80.58000183,78.60467529,87560400
2020-06-05,80.83750153,82.9375,80.80750275,82.875,80.84339905,137250400
2020-06-08,82.5625,83.40000153,81.83000183,83.36499786,81.32138824,95654400
2020-06-09,83.03500366,86.40249634,83.00250244,85.99749756,83.88934326,147712400
2020-06-10,86.97499847,88.69249725,86.52249908,88.20999908,86.04761505,166651600
2020-06-11,87.32749939,87.76499939,83.87000275,83.97499847,81.91644287,201662400
2020-06-12,86.18000031,86.94999695,83.55500031,84.69999695,82.6236496,200146000
2020-06-15,83.3125,86.41999817,83.14499664,85.74749756,83.64548492,138808800
2020-06-16,87.86499786,88.30000305,86.18000031,88.01999664,85.86229706,165428800
2020-06-17,88.78749847,88.84999847,87.77249908,87.89749908,85.74278259,114406400
2020-06-18,87.85250092,88.36250305,87.30500031,87.93250275,85.77693939,96820400
2020-06-19,88.66000366,89.13999939,86.28749847,87.43000031,85.28675842,264476000
2020-06-22,87.83499908,89.86499786,87.78749847,89.71749878,87.51818848,135445200
2020-06-23,91,93.09500122,90.56749725,91.63249969,89.38621521,212155600
2020-06-24,91.25,92.19750214,89.62999725,90.01499939,87.80835724,192623200
2020-06-25,90.17500305,91.25,89.39250183,91.20999908,88.97406769,137522400
2020-06-26,91.10250092,91.33000183,88.25499725,88.40750122,86.24028778,205256800
2020-06-29,88.3125,90.54250336,87.81999969,90.44499969,88.22783661,130646000
2020-06-30,90.01999664,91.49500275,90,91.19999695,88.96432495,140223200
2020-07-01,91.27999878,91.83999634,90.97750092,91.02749634,88.7960434,110737200
2020-07-02,91.96250153,92.61750031,90.91000366,91.02749634,88.7960434,114041600
2020-07-06,92.5,93.94499969,92.46749878,93.46250153,91.17136383,118655600
2020-07-07,93.85250092,94.65499878,93.05750275,93.17250061,90.88847351,112424400
2020-07-08,94.18000031,95.375,94.08999634,95.34249878,93.00528717,117092000
2020-07-09,96.26249695,96.31749725,94.67250061,95.75250244,93.40522003,125642800
2020-07-10,95.33499908,95.98000336,94.70500183,95.91999817,93.56863403,90257200
2020-07-13,97.26499939,99.95500183,95.25749969,95.47750092,93.13697815,191649200
2020-07-14,94.83999634,97.25499725,93.87750244,97.05750275,94.67822266,170989200
2020-07-15,98.98999786,99.24749756,96.48999786,97.72499847,95.32935333,153198000
2020-07-16,96.5625,97.40499878,95.90499878,96.52249908,94.15634918,110577600
2020-07-17,96.98750305,97.14749908,95.83999634,96.32749939,93.96611786,92186800
2020-07-20,96.41750336,98.5,96.0625,98.35749817,95.94635773,90318000
2020-07-21,99.17250061,99.25,96.74250031,97,94.62215424,103433200
2020-07-22,96.69249725,97.97499847,96.60250092,97.27249908,94.88796234,89001600
2020-07-23,96.99749756,97.07749939,92.01000214,92.84500122,90.56899261,197004400
2020-07-24,90.98750305,92.97000122,89.14499664,92.61499786,90.34462738,185438800
2020-07-27,93.70999908,94.90499878,93.48000336,94.80999756,92.48583984,121214000
2020-07-28,94.36750031,94.55000305,93.24749756,93.25250244,90.96651459,103625600
2020-07-29,93.75,95.23000336,93.71250153,95.04000092,92.71018982,90329200
2020-07-30,94.1875,96.29750061,93.76750183,96.19000244,93.83201599,158130000
2020-07-31,102.8850021,106.4150009,100.8249969,106.2600021,103.6551437,374336800
2020-08-03,108.1999969,111.6374969,107.8925018,108.9375,106.2670212,308151200
2020-08-04,109.1324997,110.7900009,108.3874969,109.6650009,106.9766769,173071600
2020-08-05,109.3775024,110.3925018,108.8974991,110.0625,107.3644333,121776800
2020-08-06,110.4049988,114.4124985,109.7975006,113.9024963,111.1102905,202428800
2020-08-07,113.2050018,113.6750031,110.2925034,111.1125031,108.5841064,198045600
2020-08-10,112.5999985,113.7750015,110,112.7275009,110.1623764,212403600
2020-08-11,111.9700012,112.4824982,109.1074982,109.375,106.8861618,187902400
2020-08-12,110.4974976,113.2750015,110.2975006,113.0100021,110.438446,165598000
2020-08-13,114.4300003,116.0425034,113.9274979,115.0100021,112.3929214,210082000
2020-08-14,114.8300018,115,113.0449982,114.9075012,112.292778,165565200
2020-08-17,116.0625,116.0875015,113.9625015,114.6074982,111.9995956,119561600
2020-08-18,114.3525009,116,114.0074997,115.5625,112.9328537,105633600
2020-08-19,115.9824982,117.1624985,115.6100006,115.7074966,113.0745392,145538000
2020-08-20,115.75,118.3925018,115.7324982,118.2750015,115.5836258,126907200
2020-08-21,119.2624969,124.8675003,119.25,124.3700027,121.5399399,338054800
2020-08-24,128.6974945,128.7850037,123.9375,125.8574982,122.9936066,345937600
2020-08-25,124.6975021,125.1800003,123.0524979,124.8249969,121.984581,211495600
2020-08-26,126.1800003,126.9925003,125.0824966,126.5224991,123.6434555,163022400
2020-08-27,127.1425018,127.4850006,123.8324966,125.0100021,122.16539,155552400
2020-08-28,126.0124969,126.4424973,124.5774994,124.8075027,121.9674988,187630000
2020-08-31,127.5800018,131,126,129.0399933,126.1036758,225702700
2020-09-01,132.7599945,134.8000031,130.5299988,134.1799927,131.1266937,151948100
2020-09-02,137.5899963,137.9799957,127,131.3999939,128.4099731,200119000
2020-09-03,126.9100037,128.8399963,120.5,120.8799973,118.129364,257599600
2020-09-04,120.0699997,123.6999969,110.8899994,120.9599991,118.2075424,332607200
2020-09-08,113.9499969,118.9899979,112.6800003,112.8199997,110.2527542,231366600
2020-09-09,117.2600021,119.1399994,115.2600021,117.3199997,114.6503677,176940500
2020-09-10,120.3600006,120.5,112.5,113.4899979,110.9075241,182274400
2020-09-11,114.5699997,115.2300034,110,112,109.4514084,180860300
2020-09-14,114.7200012,115.9300003,112.8000031,115.3600006,112.7349548,140150100
2020-09-15,118.3300018,118.8300018,113.6100006,115.5400009,112.910881,184642000
2020-09-16,115.2300034,116,112.0400009,112.1299973,109.5784683,154679000
2020-09-17,109.7200012,112.1999969,108.7099991,110.3399963,107.8291931,178011000
2020-09-18,110.4000015,110.8799973,106.0899963,106.8399963,104.4088364,287104900
2020-09-21,104.5400009,110.1900024,103.0999985,110.0800018,107.5751266,195713800
2020-09-22,112.6800003,112.8600006,109.1600037,111.8099976,109.2657547,183055400
2020-09-23,111.6200027,112.1100006,106.7699966,107.1200027,104.6824799,150718700
2020-09-24,105.1699982,110.25,105,108.2200012,105.757431,167743300
2020-09-25,108.4300003,112.4400024,107.6699982,112.2799988,109.7250595,149981400
2020-09-28,115.0100021,115.3199997,112.7799988,114.9599991,112.3440628,137672400
2020-09-29,114.5500031,115.3099976,113.5699997,114.0899963,111.493866,99382200
2020-09-30,113.7900009,117.2600021,113.6200027,115.8099976,113.1747131,142675200
2020-10-01,117.6399994,117.7200012,115.8300018,116.7900009,114.132431,116120400
2020-10-02,112.8899994,115.3700027,112.2200012,113.0199966,110.4482193,144712000
2020-10-05,113.9100037,116.6500015,113.5500031,116.5,113.8490295,106243800
2020-10-06,115.6999969,116.1200027,112.25,113.1600037,110.5850296,161498200
2020-10-07,114.6200027,115.5500031,114.1299973,115.0800018,112.4613495,96849000
2020-10-08,116.25,116.4000015,114.5899963,114.9700012,112.3538361,83477200
2020-10-09,115.2799988,117,114.9199982,116.9700012,114.3083267,100506900
2020-10-12,120.0599976,125.1800003,119.2799988,124.4000015,121.569252,240226800
2020-10-13,125.2699966,125.3899994,119.6500015,121.0999985,118.3443604,262330500
2020-10-14,121,123.0299988,119.6200027,121.1900024,118.432312,150712000
2020-10-15,118.7200012,121.1999969,118.1500015,120.7099991,117.9632263,112559200
2020-10-16,121.2799988,121.5500031,118.8099976,119.0199966,116.3116684,115393800
2020-10-19,119.9599991,120.4199982,115.6600037,115.9800034,113.3408813,120639300
2020-10-20,116.1999969,118.9800034,115.6299973,117.5100021,114.8360443,124423700
2020-10-21,116.6699982,118.7099991,116.4499969,116.8700027,114.2106171,89946000
2020-10-22,117.4499969,118.0400009,114.5899963,115.75,113.1160965,101988000
2020-10-23,116.3899994,116.5500031,114.2799988,115.0400009,112.4222488,82572600
2020-10-26,114.0100021,116.5500031,112.8799973,115.0500031,112.4320221,111850700
2020-10-27,115.4899979,117.2799988,114.5400009,116.5999985,113.9467468,92276800
2020-10-28,115.0500031,115.4300003,111.0999985,111.1999969,108.669632,143937800
2020-10-29,112.3700027,116.9300003,112.1999969,115.3199997,112.6958847,146129200
2020-10-30,111.0599976,111.9899979,107.7200012,108.8600006,106.3828735,190272600
2020-11-02,109.1100006,110.6800003,107.3199997,108.7699966,106.2949142,122866900
2020-11-03,109.6600037,111.4899979,108.7300034,110.4400024,107.9269028,107624400
2020-11-04,114.1399994,115.5899963,112.3499985,114.9499969,112.3342819,138235500
2020-11-05,117.9499969,119.6200027,116.8700027,119.0299988,116.3214417,126387100
2020-11-06,118.3199997,119.1999969,116.1299973,118.6900024,116.1893082,114457900
2020-11-09,120.5,121.9899979,116.0500031,116.3199997,113.8692322,154515300
2020-11-10,115.5500031,117.5899963,114.1299973,115.9700012,113.526619,138023400
2020-11-11,117.1900024,119.6299973,116.4400024,119.4899979,116.972435,112295000
2020-11-12,119.6200027,120.5299988,118.5699997,119.2099991,116.6983414,103162300
2020-11-13,119.4400024,119.6699982,117.8700027,119.2600021,116.7472992,81581900
2020-11-16,118.9199982,120.9899979,118.1500015,120.3000031,117.7653961,91183000
2020-11-17,119.5500031,120.6699982,118.9599991,119.3899994,116.8745575,74271000
2020-11-18,118.6100006,119.8199997,118,118.0299988,115.5431976,76322100
2020-11-19,117.5899963,119.0599976,116.8099976,118.6399994,116.140358,74113000
2020-11-20,118.6399994,118.7699966,117.2900009,117.3399963,114.8677521,73604300
2020-11-23,117.1800003,117.6200027,113.75,113.8499985,111.4512634,127959300
2020-11-24,113.9100037,115.8499985,112.5899963,115.1699982,112.7434845,113874200
2020-11-25,115.5500031,116.75,115.1699982,116.0299988,113.5853424,76499200
2020-11-27,116.5699997,117.4899979,116.2200012,116.5899963,114.1335449,46691300
2020-11-30,116.9700012,120.9700012,116.8099976,119.0500031,116.5417099,169410200
2020-12-01,121.0100021,123.4700012,120.0100021,122.7200012,120.1343994,127728200
2020-12-02,122.0199966,123.3700027,120.8899994,123.0800018,120.4868164,89004200
2020-12-03,123.5199966,123.7799988,122.2099991,122.9400024,120.3497772,78967600
2020-12-04,122.5999985,122.8600006,121.5199966,122.25,119.6742859,78260400
2020-12-07,122.3099976,124.5699997,122.25,123.75,121.1426773,86712000
2020-12-08,124.3700027,124.9800034,123.0899963,124.3799973,121.7594147,82225500
2020-12-09,124.5299988,125.9499969,121,121.7799988,119.2141876,115089200
2020-12-10,120.5,123.8700027,120.1500015,123.2399979,120.6434326,81312200
2020-12-11,122.4300003,122.7600021,120.5500031,122.4100037,119.8309097,86939800
2020-12-14,122.5999985,123.3499985,121.5400009,121.7799988,119.2141876,79184500
2020-12-15,124.3399963,127.9000015,124.1299973,127.8799973,125.1856766,157243700
2020-12-16,127.4100037,128.3699951,126.5599976,127.8099976,125.1171417,98208600
2020-12-17,128.8999939,129.5800018,128.0399933,128.6999969,125.9884033,94359800
2020-12-18,128.9600067,129.1000061,126.1200027,126.6600037,123.9913864,192541500
2020-12-21,125.0199966,128.3099976,123.4499969,128.2299957,125.5283051,121251600
2020-12-22,131.6100006,134.4100037,129.6499939,131.8800049,129.1013947,168904800
2020-12-23,132.1600037,132.4299927,130.7799988,130.9600067,128.2008057,88223700
2020-12-24,131.3200073,133.4600067,131.1000061,131.9700012,129.1894836,54930100
2020-12-28,133.9900055,137.3399963,133.5099945,136.6900024,133.8100281,124486200
2020-12-29,138.0500031,138.7899933,134.3399963,134.8699951,132.0284119,121047300
2020-12-30,135.5800018,135.9900055,133.3999939,133.7200012,130.9026489,96452100
2020-12-31,134.0800018,134.7400055,131.7200012,132.6900024,129.8943329,99116600
2021-01-04,133.5200043,133.6100006,126.7600021,129.4100037,126.6834641,143301900
2021-01-05,128.8899994,131.7400055,128.4299927,131.0099945,128.2497253,97664900
2021-01-06,127.7200012,131.0500031,126.3799973,126.5999985,123.9326324,155088000
2021-01-07,128.3600006,131.6300049,127.8600006,130.9199982,128.1616211,109578200
2021-01-08,132.4299927,132.6300049,130.2299957,132.0500031,129.2678223,105158200
2021-01-11,129.1900024,130.1699982,128.5,128.9799957,126.2625046,100384500
2021-01-12,128.5,129.6900024,126.8600006,128.8000031,126.0862961,91951100
2021-01-13,128.7599945,131.4499969,128.4900055,130.8899994,128.1322327,88636800
2021-01-14,130.8000031,131,128.7599945,128.9100037,126.1940002,90221800
2021-01-15,128.7799988,130.2200012,127,127.1399994,124.4612808,111598500
2021-01-19,127.7799988,128.7100067,126.9400024,127.8300018,125.1367264,90757300
2021-01-20,128.6600037,132.4900055,128.5500031,132.0299988,129.2482605,104319500
2021-01-21,133.8000031,139.6699982,133.5899963,136.8699951,133.9862518,120150900
2021-01-22,136.2799988,139.8500061,135.0200043,139.0700073,136.1399231,114459400
2021-01-25,143.0700073,145.0899963,136.5399933,142.9199982,139.9087982,157611700
2021-01-26,143.6000061,144.3000031,141.3699951,143.1600037,140.1437531,98390600
2021-01-27,143.4299927,144.3000031,140.4100037,142.0599976,139.0669098,140843800
2021-01-28,139.5200043,141.9900055,136.6999969,137.0899963,134.2015991,142621100
2021-01-29,135.8300018,136.7400055,130.2100067,131.9600067,129.1797028,177523800
2021-02-01,133.75,135.3800049,130.9299927,134.1399994,131.3137817,106239800
2021-02-02,135.7299957,136.3099976,134.6100006,134.9900055,132.145874,83305400
2021-02-03,135.7599945,135.7700043,133.6100006,133.9400024,131.117981,89880900
2021-02-04,136.3000031,137.3999939,134.5899963,137.3899994,134.4953003,84183100
2021-02-05,137.3500061,137.4199982,135.8600006,136.7599945,134.0786285,75693800
2021-02-08,136.0299988,136.9600067,134.9199982,136.9100037,134.225708,71297200
2021-02-09,136.6199951,137.8800049,135.8500061,136.0099945,133.3433228,76774200
2021-02-10,136.4799957,136.9900055,134.3999939,135.3899994,132.7354584,73046600
2021-02-11,135.8999939,136.3899994,133.7700043,135.1300049,132.4805908,64280000
2021-02-12,134.3500061,135.5299988,133.6900024,135.3699951,132.7158813,60145100
2021-02-16,135.4900055,136.0099945,132.7899933,133.1900024,130.5786285,80576300
2021-02-17,131.25,132.2200012,129.4700012,130.8399963,128.274704,97918500
2021-02-18,129.1999969,130,127.4100037,129.7100067,127.1668472,96856700
2021-02-19,130.2400055,130.7100067,128.8000031,129.8699951,127.3237381,87668800
2021-02-22,128.0099945,129.7200012,125.5999985,126,123.5296097,103916400
2021-02-23,123.7600021,126.7099991,118.3899994,125.8600006,123.3923416,158273000
2021-02-24,124.9400024,125.5599976,122.2300034,125.3499985,122.8923492,111039900
2021-02-25,124.6800003,126.4599991,120.5400009,120.9899979,118.6178207,148199500
2021-02-26,122.5899963,124.8499985,121.1999969,121.2600021,118.8825302,164560400
2021-03-01,123.75,127.9300003,122.7900009,127.7900009,125.2845306,116307900
2021-03-02,128.4100037,128.7200012,125.0100021,125.1200027,122.6668625,102260900
2021-03-03,124.8099976,125.7099991,121.8399963,122.0599976,119.6668472,112966300
2021-03-04,121.75,123.5999985,118.6200027,120.1299973,117.7746964,178155000
2021-03-05,120.9800034,121.9400024,117.5699997,121.4199982,119.0393982,153766600
2021-03-08,120.9300003,121,116.2099991,116.3600006,114.0785904,154376600
2021-03-09,119.0299988,122.0599976,118.7900009,121.0899963,118.7158661,129525800
2021-03-10,121.6900024,122.1699982,119.4499969,119.9800034,117.6276321,111943300
2021-03-11,122.5400009,123.2099991,121.2600021,121.9599991,119.5688019,103026500
2021-03-12,120.4000015,121.1699982,119.1600037,121.0299988,118.6570435,88105100
2021-03-15,121.4100037,124,120.4199982,123.9899979,121.5589981,92403800
2021-03-16,125.6999969,127.2200012,124.7200012,125.5699997,123.1080399,115227900
2021-03-17,124.0500031,125.8600006,122.3399963,124.7600021,122.3139038,111932600
2021-03-18,122.8799973,123.1800003,120.3199997,120.5299988,118.1668549,121229700
2021-03-19,119.9000015,121.4300003,119.6800003,119.9899979,117.6374283,185549500
2021-03-22,120.3300018,123.8700027,120.2600021,123.3899994,120.9707718,111912300
2021-03-23,123.3300018,124.2399979,122.1399994,122.5400009,120.1374359,95467100
2021-03-24,122.8199997,122.9000015,120.0699997,120.0899963,117.7354736,88530500
2021-03-25,119.5400009,121.6600037,119,120.5899963,118.2256699,98844700
2021-03-26,120.3499985,121.4800034,118.9199982,121.2099991,118.833519,94071200
2021-03-29,121.6500015,122.5800018,120.7300034,121.3899994,119.0099869,80819200
2021-03-30,120.1100006,120.4000015,118.8600006,119.9000015,117.5491867,85671900
2021-03-31,121.6500015,123.5199966,121.1500015,122.1500015,119.7550964,118323800
2021-04-01,123.6600037,124.1800003,122.4899979,123,120.5884171,75089100
2021-04-05,123.8700027,126.1600037,123.0699997,125.9000015,123.4315643,88651200
2021-04-06,126.5,127.1299973,125.6500015,126.2099991,123.7354813,80171300
2021-04-07,125.8300018,127.9199982,125.1399994,127.9000015,125.3923492,83466700
2021-04-08,128.9499969,130.3899994,128.5200043,130.3600006,127.8041077,88844600
2021-04-09,129.8000031,133.0399933,129.4700012,133,130.3923798,106686700
2021-04-12,132.5200043,132.8500061,130.6300049,131.2400055,128.6668396,91420000
2021-04-13,132.4400024,134.6600037,131.9299927,134.4299927,131.7942963,91266500
2021-04-14,134.9400024,135,131.6600037,132.0299988,129.4413757,87222800
2021-04-15,133.8200073,135,133.6399994,134.5,131.8629456,89347100
2021-04-16,134.3000031,134.6699982,133.2799988,134.1600037,131.5296326,84922400
2021-04-19,133.5099945,135.4700012,133.3399963,134.8399963,132.1962433,94264200
2021-04-20,135.0200043,135.5299988,131.8099976,133.1100006,130.5002136,94812300
2021-04-21,132.3600006,133.75,131.3000031,133.5,130.8825378,68847100
2021-04-22,133.0399933,134.1499939,131.4100037,131.9400024,129.3531799,84566500
2021-04-23,132.1600037,135.1199951,132.1600037,134.3200073,131.6864929,78657500
2021-04-26,134.8300018,135.0599976,133.5599976,134.7200012,132.0786133,66905100
2021-04-27,135.0099945,135.4100037,134.1100006,134.3899994,131.7550964,66015800
2021-04-28,134.3099976,135.0200043,133.0800018,133.5800018,130.960968,107760100
2021-04-29,136.4700012,137.0700073,132.4499969,133.4799957,130.8629456,151101000
2021-04-30,131.7799988,133.5599976,131.0700073,131.4600067,128.8825684,109839500
2021-05-03,132.0399933,134.0700073,131.8300018,132.5399933,129.94133,75135100
2021-05-04,131.1900024,131.4900055,126.6999969,127.8499985,125.3433304,137564700
2021-05-05,129.1999969,130.4499969,127.9700012,128.1000061,125.5884476,84000900
2021-05-06,127.8899994,129.75,127.1299973,129.7400055,127.1962738,78128300
2021-05-07,130.8500061,131.2599945,129.4799957,130.2100067,127.8739014,78973300
2021-05-10,129.4100037,129.5399933,126.8099976,126.8499985,124.5741806,88071200
2021-05-11,123.5,126.2699966,122.7699966,125.9100037,123.6510468,126142800
2021-05-12,123.4000015,124.6399994,122.25,122.7699966,120.5673904,112172300
2021-05-13,124.5800018,126.1500015,124.2600021,124.9700012,122.7279129,105861300
2021-05-14,126.25,127.8899994,125.8499985,127.4499969,125.1633987,81918000
2021-05-17,126.8199997,126.9300003,125.1699982,126.2699966,124.0045853,74244600
2021-05-18,126.5599976,126.9899979,124.7799988,124.8499985,122.610054,63342900
2021-05-19,123.1600037,124.9199982,122.8600006,124.6900024,122.4529266,92612000
2021-05-20,125.2300034,127.7200012,125.0999985,127.3099976,125.0259171,76857100
2021-05-21,127.8199997,128,125.2099991,125.4300003,123.1796494,79295400
2021-05-24,126.0100021,127.9400024,125.9400024,127.0999985,124.8196869,63092900
2021-05-25,127.8199997,128.3200073,126.3199997,126.9000015,124.6232834,72009500
2021-05-26,126.9599991,127.3899994,126.4199982,126.8499985,124.5741806,56575900
2021-05-27,126.4400024,127.6399994,125.0800018,125.2799988,123.0323257,94625600
2021-05-28,125.5699997,125.8000031,124.5500031,124.6100006,122.3743591,71311100
2021-06-01,125.0800018,125.3499985,123.9400024,124.2799988,122.0502777,67637100
2021-06-02,124.2799988,125.2399979,124.0500031,125.0599976,122.8162766,59278900
2021-06-03,124.6800003,124.8499985,123.1299973,123.5400009,121.3235703,76229200
2021-06-04,124.0699997,126.1600037,123.8499985,125.8899994,123.6313934,75169300
2021-06-07,126.1699982,126.3199997,124.8300018,125.9000015,123.6412201,71057600
2021-06-08,126.5999985,128.4600067,126.2099991,126.7399979,124.4661484,74403800
2021-06-09,127.2099991,127.75,126.5199966,127.1299973,124.8491364,56877900
2021-06-10,127.0199966,128.1900024,125.9400024,126.1100006,123.8474655,71186400
2021-06-11,126.5299988,127.4400024,126.0999985,127.3499985,125.0652084,53522400
2021-06-14,127.8199997,130.5399933,127.0699997,130.4799957,128.1390686,96906500
2021-06-15,129.9400024,130.6000061,129.3899994,129.6399994,127.3141479,62746300
2021-06-16,130.3699951,130.8899994,128.4600067,130.1499939,127.8149567,91815000
2021-06-17,129.8000031,132.5500031,129.6499939,131.7899933,129.4255371,96721700
2021-06-18,130.7100067,131.5099945,130.2400055,130.4600067,128.1194458,108953300
2021-06-21,130.3000031,132.4100037,129.2100067,132.3000031,129.9264221,79663300
2021-06-22,132.1300049,134.0800018,131.6199951,133.9799957,131.5762634,74783600
2021-06-23,133.7700043,134.3200073,133.2299957,133.6999969,131.3012848,60214200
2021-06-24,134.4499969,134.6399994,132.9299927,133.4100037,131.0164642,68711000
2021-06-25,133.4600067,133.8899994,132.8099976,133.1100006,130.7218781,70783700
2021-06-28,133.4100037,135.25,133.3500061,134.7799988,132.3618927,62111300
2021-06-29,134.8000031,136.4900055,134.3500061,136.3300018,133.884079,64556100
2021-06-30,136.1699982,137.4100037,135.8699951,136.9600067,134.5027771,63261400
2021-07-01,136.6000061,137.3300018,135.7599945,137.2700043,134.8072205,52485800
2021-07-02,137.8999939,140,137.75,139.9600067,137.4489594,78852600
2021-07-06,140.0700073,143.1499939,140.0700073,142.0200043,139.4720154,108181800
2021-07-07,143.5399933,144.8899994,142.6600037,144.5700073,141.9762878,104911600
2021-07-08,141.5800018,144.0599976,140.6699982,143.2400055,140.6701355,105575500
2021-07-09,142.75,145.6499939,142.6499939,145.1100006,142.506546,99890800
2021-07-12,146.2100067,146.3200073,144,144.5,141.907486,76299700
2021-07-13,144.0299988,147.4600067,143.6300049,145.6399994,143.0270538,100827100
2021-07-14,148.1000061,149.5700073,147.6799927,149.1499939,146.4740753,127050800
2021-07-15,149.2400055,150,147.0899963,148.4799957,145.8161011,106820300
2021-07-16,148.4600067,149.7599945,145.8800049,146.3899994,143.7636261,93251400
2021-07-19,143.75,144.0700073,141.6699982,142.4499969,139.8943024,121434600
2021-07-20,143.4600067,147.1000061,142.9600067,146.1499939,143.5278931,96350000
2021-07-21,145.5299988,146.1300049,144.6300049,145.3999939,142.7913666,74993500
2021-07-22,145.9400024,148.1999969,145.8099976,146.8000031,144.1662445,77338200
2021-07-23,147.5500031,148.7200012,146.9199982,148.5599976,145.8946686,71447400
2021-07-26,148.2700043,149.8300018,147.6999969,148.9900055,146.3169403,72434100
2021-07-27,149.1199951,149.2100067,145.5500031,146.7700043,144.1368103,104818600
2021-07-28,144.8099976,146.9700012,142.5399933,144.9799957,142.378891,118931200
2021-07-29,144.6900024,146.5500031,144.5800018,145.6399994,143.0270538,56699500
2021-07-30,144.3800049,146.3300018,144.1100006,145.8600006,143.243103,70440600
2021-08-02,146.3600006,146.9499969,145.25,145.5200043,142.9092255,62880000
2021-08-03,145.8099976,148.0399933,145.1799927,147.3600006,144.7162018,64786600
2021-08-04,147.2700043,147.7899933,146.2799988,146.9499969,144.3135376,56368300
2021-08-05,146.9799957,147.8399963,146.1699982,147.0599976,144.4215851,46397700
2021-08-06,146.3500061,147.1100006,145.6300049,146.1399994,143.7331085,54126800
2021-08-09,146.1999969,146.6999969,145.5200043,146.0899963,143.6839294,48908700
2021-08-10,146.4400024,147.7100067,145.3000031,145.6000061,143.2020264,69023100
2021-08-11,146.0500031,146.7200012,145.5299988,145.8600006,143.4577332,48493500
2021-08-12,146.1900024,149.0500031,145.8399963,148.8899994,146.4378357,72282600
2021-08-13,148.9700012,149.4400024,148.2700043,149.1000061,146.6443634,59375000
2021-08-16,148.5399933,151.1900024,146.4700012,151.1199951,148.6310883,103296000
2021-08-17,150.2299957,151.6799927,149.0899963,150.1900024,147.7164154,92229700
2021-08-18,149.8000031,150.7200012,146.1499939,146.3600006,143.9494934,86326000
2021-08-19,145.0299988,148,144.5,146.6999969,144.2838745,86960300
2021-08-20,147.4400024,148.5,146.7799988,148.1900024,145.7493591,60549600
2021-08-23,148.3099976,150.1900024,147.8899994,149.7100067,147.2443237,60131800
2021-08-24,149.4499969,150.8600006,149.1499939,149.6199951,147.155777,48606400
2021-08-25,149.8099976,150.3200073,147.8000031,148.3600006,145.9165497,58991300
2021-08-26,148.3500061,149.1199951,147.5099945,147.5399933,145.1100769,48597200
2021-08-27,147.4799957,148.75,146.8300018,148.6000061,146.1526184,55802400
2021-08-30,149,153.4900055,148.6100006,153.1199951,150.598175,90956700
2021-08-31,152.6600037,152.8000031,151.2899933,151.8300018,149.3294067,86453100
2021-09-01,152.8300018,154.9799957,152.3399963,152.5099945,149.9982147,80313700
2021-09-02,153.8699951,154.7200012,152.3999939,153.6499939,151.1194458,71115500
2021-09-03,153.7599945,154.6300049,153.0899963,154.3000031,151.7587128,57808700
2021-09-07,154.9700012,157.2599945,154.3899994,156.6900024,154.1093445,82278300
2021-09-08,156.9799957,157.0399933,153.9799957,155.1100006,152.5553741,74420200
2021-09-09,155.4900055,156.1100006,153.9499969,154.0700073,151.5325165,57305700
2021-09-10,155,155.4799957,148.6999969,148.9700012,146.5165253,140893200
2021-09-13,150.6300049,151.4199982,148.75,149.5500031,147.0869751,102404300
2021-09-14,150.3500061,151.0700073,146.9100037,148.1199951,145.6804962,109296300
2021-09-15,148.5599976,149.4400024,146.3699951,149.0299988,146.5755157,83281300
2021-09-16,148.4400024,148.9700012,147.2200012,148.7899933,146.3394775,68034100
2021-09-17,148.8200073,148.8200073,145.7599945,146.0599976,143.6544342,129868800
2021-09-20,143.8000031,144.8399963,141.2700043,142.9400024,140.5858002,123478900
2021-09-21,143.9299927,144.6000061,142.7799988,143.4299927,141.0677643,75834000
2021-09-22,144.4499969,146.4299927,143.6999969,145.8500061,143.4479065,76404300
2021-09-23,146.6499939,147.0800018,145.6399994,146.8300018,144.4117584,64838200
2021-09-24,145.6600037,147.4700012,145.5599976,146.9199982,144.5002747,53477900
2021-09-27,145.4700012,145.9600067,143.8200073,145.3699951,142.9757996,74150700
2021-09-28,143.25,144.75,141.6900024,141.9100037,139.5727844,108972300
2021-09-29,142.4700012,144.4499969,142.0299988,142.8300018,140.4776306,74602000
2021-09-30,143.6600037,144.3800049,141.2799988,141.5,139.1695557,89056700
2021-10-01,141.8999939,142.9199982,139.1100006,142.6499939,140.3005981,94639600
2021-10-04,141.7599945,142.2100067,138.2700043,139.1399994,136.8483887,98322000
2021-10-05,139.4900055,142.2400055,139.3600006,141.1100006,138.7859955,80861100
2021-10-06,139.4700012,142.1499939,138.3699951,142,139.6613007,83221100
2021-10-07,143.0599976,144.2200012,142.7200012,143.2899933,140.9300385,61732700
2021-10-08,144.0299988,144.1799927,142.5599976,142.8999939,140.546463,58773200
2021-10-11,142.2700043,144.8099976,141.8099976,142.8099976,140.4579926,64452200
2021-10-12,143.2299957,143.25,141.0399933,141.5099945,139.1793671,73035900
2021-10-13,141.2400055,141.3999939,139.1999969,140.9100037,138.5892487,78762700
2021-10-14,142.1100006,143.8800049,141.5099945,143.7599945,141.3923187,69907100
2021-10-15,143.7700043,144.8999939,143.5099945,144.8399963,142.4545288,67940300
2021-10-18,143.4499969,146.8399963,143.1600037,146.5500031,144.1363678,85589200
2021-10-19,147.0099945,149.1699982,146.5500031,148.7599945,146.309967,76378900
2021-10-20,148.6999969,149.75,148.1199951,149.2599945,146.8017273,58418800
2021-10-21,148.8099976,149.6399994,147.8699951,149.4799957,147.0181274,61421000
2021-10-22,149.6900024,150.1799927,148.6399994,148.6900024,146.2411194,58883400
2021-10-25,148.6799927,149.3699951,147.6199951,148.6399994,146.191925,50720600
2021-10-26,149.3300018,150.8399963,149.0099945,149.3200073,146.8607483,60893400
2021-10-27,149.3600006,149.7299957,148.4900055,148.8500061,146.3984833,56094900
2021-10-28,149.8200073,153.1699982,149.7200012,152.5700073,150.0572357,100077900
2021-10-29,147.2200012,149.9400024,146.4100037,149.8000031,147.3328247,124953200
2021-11-01,148.9900055,149.6999969,147.8000031,148.9600067,146.5066833,74588300
2021-11-02,148.6600037,151.5700073,148.6499939,150.0200043,147.5492096,69122000
2021-11-03,150.3899994,151.9700012,149.8200073,151.4900055,148.9950256,54511500
2021-11-04,151.5800018,152.4299927,150.6399994,150.9600067,148.4737549,60394600
2021-11-05,151.8899994,152.1999969,150.0599976,151.2799988,149.0056,65463900
2021-11-08,151.4100037,151.5700073,150.1600037,150.4400024,148.1782379,55020900
2021-11-09,150.1999969,151.4299927,150.0599976,150.8099976,148.5426636,56787900
2021-11-10,150.0200043,150.1300049,147.8500061,147.9199982,145.6961212,65187100
2021-11-11,148.9600067,149.4299927,147.6799927,147.8699951,145.6468811,41000000
2021-11-12,148.4299927,150.3999939,147.4799957,149.9900055,147.7350159,63804000
2021-11-15,150.3699951,151.8800049,149.4299927,150,147.7448578,59222800
2021-11-16,149.9400024,151.4900055,149.3399963,151,148.7298279,59256200
2021-11-17,151,155,150.9900055,153.4900055,151.1824036,88807000
2021-11-18,153.7100067,158.6699982,153.0500031,157.8699951,155.4965363,137827700
2021-11-19,157.6499939,161.0200043,156.5299988,160.5500031,158.1362457,117305600
2021-11-22,161.6799927,165.6999969,161,161.0200043,158.5991821,117467900
2021-11-23,161.1199951,161.8000031,159.0599976,161.4100037,158.9833221,96041900
2021-11-24,160.75,162.1399994,159.6399994,161.9400024,159.5053253,69463600
2021-11-26,159.5700073,160.4499969,156.3600006,156.8099976,154.4524536,76959800
2021-11-29,159.3699951,161.1900024,158.7899933,160.2400055,157.8309174,88748200
2021-11-30,159.9900055,165.5200043,159.9199982,165.3000031,162.8148346,174048100
2021-12-01,167.4799957,170.3000031,164.5299988,164.7700043,162.2927856,152052500
2021-12-02,158.7400055,164.1999969,157.8000031,163.7599945,161.2979584,136739200
2021-12-03,164.0200043,164.9600067,159.7200012,161.8399963,159.4068298,118023100
2021-12-06,164.2899933,167.8800049,164.2799988,165.3200073,162.8345642,107497000
2021-12-07,169.0800018,171.5800018,168.3399963,171.1799927,168.6064301,120405400
2021-12-08,172.1300049,175.9600067,170.6999969,175.0800018,172.4478149,116998900
2021-12-09,174.9100037,176.75,173.9199982,174.5599976,171.9356232,108923700
2021-12-10,175.2100067,179.6300049,174.6900024,179.4499969,176.752121,115402700
2021-12-13,181.1199951,182.1300049,175.5299988,175.7400055,173.0978851,153237000
2021-12-14,175.25,177.7400055,172.2100067,174.3300018,171.7090912,139380400
2021-12-15,175.1100006,179.5,172.3099976,179.3000031,176.6043549,131063300
2021-12-16,179.2799988,181.1399994,170.75,172.2599945,169.6701813,150185800
2021-12-17,169.9299927,173.4700012,169.6900024,171.1399994,168.5670166,195432700
2021-12-20,168.2799988,170.5800018,167.4600067,169.75,167.197937,107499100
2021-12-21,171.5599976,173.1999969,169.1199951,172.9900055,170.3892212,91185900
2021-12-22,173.0399933,175.8600006,172.1499939,175.6399994,172.9993896,92135300
2021-12-23,175.8500061,176.8500061,175.2700043,176.2799988,173.629776,68356600
2021-12-27,177.0899963,180.4199982,177.0700073,180.3300018,177.6188812,74919600
2021-12-28,180.1600037,181.3300018,178.5299988,179.2899933,176.5945282,79144300
2021-12-29,179.3300018,180.6300049,178.1399994,179.3800049,176.6831665,62348900
2021-12-30,179.4700012,180.5700073,178.0899963,178.1999969,175.5208893,59773000
2021-12-31,178.0899963,179.2299957,177.2599945,177.5700073,174.9003601,64062300
2022-01-03,177.8300018,182.8800049,177.7100067,182.0099945,179.2736359,104487900
2022-01-04,182.6300049,182.9400024,179.1199951,179.6999969,176.9983368,99310400
2022-01-05,179.6100006,180.1699982,174.6399994,174.9199982,172.2901917,94537600
2022-01-06,172.6999969,175.3000031,171.6399994,172,169.4141083,96904000
2022-01-07,172.8899994,174.1399994,171.0299988,172.1699982,169.5815582,86709100
2022-01-10,169.0800018,172.5,168.1699982,172.1900024,169.6012573,106765600
2022-01-11,172.3200073,175.1799927,170.8200073,175.0800018,172.4478149,76138300
2022-01-12,176.1199951,177.1799927,174.8200073,175.5299988,172.8910217,74805200
2022-01-13,175.7799988,176.6199951,171.7899933,172.1900024,169.6012573,84505800
2022-01-14,171.3399963,173.7799988,171.0899963,173.0700073,170.4680176,80440800
2022-01-18,171.5099945,172.5399933,169.4100037,169.8000031,167.2471924,90956700
2022-01-19,170,171.0800018,165.9400024,166.2299957,163.7308502,94815000
2022-01-20,166.9799957,169.6799927,164.1799927,164.5099945,162.0366974,91420500
2022-01-21,164.4199982,166.3300018,162.3000031,162.4100037,159.9682922,122848900
2022-01-24,160.0200043,162.3000031,154.6999969,161.6199951,159.190155,162294600
2022-01-25,158.9799957,162.7599945,157.0200043,159.7799988,157.3777924,115798400
2022-01-26,163.5,164.3899994,157.8200073,159.6900024,157.2891541,108275300
2022-01-27,162.4499969,163.8399963,158.2799988,159.2200012,156.8262482,121954600
2022-01-28,165.7100067,170.3500061,162.8000031,170.3300018,167.7692108,179935700
2022-01-31,170.1600037,175,169.5099945,174.7799988,172.1522827,115541600
2022-02-01,174.0099945,174.8399963,172.3099976,174.6100006,171.9848938,86213900
2022-02-02,174.75,175.8800049,173.3300018,175.8399963,173.1963654,84914300
2022-02-03,174.4799957,176.2400055,172.1199951,172.8999939,170.3005524,89418100
2022-02-04,171.6799927,174.1000061,170.6799927,172.3899994,170.0145721,82465400
2022-02-07,172.8600006,173.9499969,170.9499969,171.6600037,169.294632,77251200
2022-02-08,171.7299957,175.3500061,171.4299927,174.8300018,172.4209595,74829200
2022-02-09,176.0500031,176.6499939,174.8999939,176.2799988,173.8509674,71285000
2022-02-10,174.1399994,175.4799957,171.5500031,172.1199951,169.748291,90865900
2022-02-11,172.3300018,173.0800018,168.0399933,168.6399994,166.3162537,98670700
2022-02-14,167.3699951,169.5800018,166.5599976,168.8800049,166.552948,86185500
2022-02-15,170.9700012,172.9499969,170.25,172.7899933,170.4090576,62527400
2022-02-16,171.8500061,173.3399963,170.0500031,172.5500031,170.1723633,61177400
2022-02-17,171.0299988,171.9100037,168.4700012,168.8800049,166.552948,69589300
2022-02-18,169.8200073,170.5399933,166.1900024,167.3000031,164.9947052,82772700
2022-02-22,164.9799957,166.6900024,162.1499939,164.3200073,162.0557861,91162800
2022-02-23,165.5399933,166.1499939,159.75,160.0700073,157.8643494,90009200
2022-02-24,152.5800018,162.8500061,152,162.7400055,160.4975433,141147500
2022-02-25,163.8399963,165.1199951,160.8699951,164.8500061,162.5784607,91974200
2022-02-28,163.0599976,165.4199982,162.4299927,165.1199951,162.8447571,95056600
2022-03-01,164.6999969,166.6000061,161.9700012,163.1999969,160.9512024,83474400
2022-03-02,164.3899994,167.3600006,162.9499969,166.5599976,164.2648926,79724800
2022-03-03,168.4700012,168.9100037,165.5500031,166.2299957,163.9394684,76678400
2022-03-04,164.4900055,165.5500031,162.1000061,163.1699982,160.9216461,83737200
2022-03-07,163.3600006,165.0200043,159.0399933,159.3000031,157.1049194,96418800
2022-03-08,158.8200073,162.8800049,155.8000031,157.4400024,155.2705841,131148300
2022-03-09,161.4799957,163.4100037,159.4100037,162.9499969,160.7046356,91454900
2022-03-10,160.1999969,160.3899994,155.9799957,158.5200043,156.3357086,105342000
2022-03-11,158.9299927,159.2799988,154.5,154.7299957,152.5979156,96970100
2022-03-14,151.4499969,154.1199951,150.1000061,150.6199951,148.5445404,108732100
2022-03-15,150.8999939,155.5700073,150.3800049,155.0899963,152.9529419,92964300
2022-03-16,157.0500031,160,154.4600067,159.5899963,157.3909302,102300200
2022-03-17,158.6100006,161,157.6300049,160.6199951,158.4067383,75615400
2022-03-18,160.5099945,164.4799957,159.7599945,163.9799957,161.7204437,123511700
2022-03-21,163.5099945,166.3500061,163.0099945,165.3800049,163.101181,95811400
2022-03-22,165.5099945,169.4199982,164.9100037,168.8200073,166.4937744,81532000
2022-03-23,167.9900055,172.6399994,167.6499939,170.2100067,167.864624,98062700
2022-03-24,171.0599976,174.1399994,170.2100067,174.0700073,171.6714478,90131400
2022-03-25,173.8800049,175.2799988,172.75,174.7200012,172.3124695,80546200
2022-03-28,172.1699982,175.7299957,172,175.6000061,173.1803589,90371900
2022-03-29,176.6900024,179.0099945,176.3399963,178.9600067,176.4940338,100589400
2022-03-30,178.5500031,179.6100006,176.6999969,177.7700043,175.3204498,92633200
2022-03-31,177.8399963,178.0299988,174.3999939,174.6100006,172.20401,103049300
2022-04-01,174.0299988,174.8800049,171.9400024,174.3099976,171.9080963,78751300
2022-04-04,174.5700073,178.4900055,174.4400024,178.4400024,175.9812012,76468400
2022-04-05,177.5,178.3000031,174.4199982,175.0599976,172.6477814,73401800
2022-04-06,172.3600006,173.6300049,170.1300049,171.8300018,169.4623108,89058800
2022-04-07,171.1600037,173.3600006,169.8500061,172.1399994,169.7680206,77594700
2022-04-08,171.7799988,171.7799988,169.1999969,170.0899963,167.7462616,76575500
2022-04-11,168.7100067,169.0299988,165.5,165.75,163.4660645,72246700
2022-04-12,168.0200043,169.8699951,166.6399994,167.6600037,165.3497467,79265200
2022-04-13,167.3899994,171.0399933,166.7700043,170.3999939,168.0519867,70618900
2022-04-14,170.6199951,171.2700043,165.0399933,165.2899933,163.0123901,75329400
2022-04-18,163.9199982,166.6000061,163.5700073,165.0700073,162.7954407,69023900
2022-04-19,165.0200043,167.8200073,163.9100037,167.3999939,165.093338,67723800
2022-04-20,168.7599945,168.8800049,166.1000061,167.2299957,164.9256592,67929800
2022-04-21,168.9100037,171.5299988,165.9100037,166.4199982,164.1268463,87227800
2022-04-22,166.4600067,167.8699951,161.5,161.7899933,159.5606232,84882400
2022-04-25,161.1199951,163.1699982,158.4600067,162.8800049,160.6356049,96046400
2022-04-26,162.25,162.3399963,156.7200012,156.8000031,154.639389,95623200
2022-04-27,155.9100037,159.7899933,155.3800049,156.5700073,154.4125671,88063200
2022-04-28,159.25,164.5200043,158.9299927,163.6399994,161.3851318,130216800
2022-04-29,161.8399963,166.1999969,157.25,157.6499939,155.4776611,131747600
2022-05-02,156.7100067,158.2299957,153.2700043,157.9600067,155.7833862,123055300
2022-05-03,158.1499939,160.7100067,156.3200073,159.4799957,157.2824554,88966500
2022-05-04,159.6699982,166.4799957,159.2599945,166.0200043,163.7323608,108256500
2022-05-05,163.8500061,164.0800018,154.9499969,156.7700043,154.6098175,130525300
2022-05-06,156.0099945,159.4400024,154.1799927,157.2799988,155.3407135,116124600
2022-05-09,154.9299927,155.8300018,151.4900055,152.0599976,150.1850433,131577900
2022-05-10,155.5200043,156.7400055,152.9299927,154.5099945,152.6048279,115366700
2022-05-11,153.5,155.4499969,145.8099976,146.5,144.6936035,142689800
2022-05-12,142.7700043,146.1999969,138.8000031,142.5599976,140.8021698,182602000
2022-05-13,144.5899963,148.1000061,143.1100006,147.1100006,145.2960815,113990900
2022-05-16,145.5500031,147.5200043,144.1799927,145.5399933,143.7454376,86643800
2022-05-17,148.8600006,149.7700043,146.6799927,149.2400055,147.3998108,78336300
2022-05-18,146.8500061,147.3600006,139.8999939,140.8200073,139.0836334,109742900
2022-05-19,139.8800049,141.6600037,136.6000061,137.3500061,135.6564484,136095600
2022-05-20,139.0899963,140.6999969,132.6100006,137.5899963,135.8934784,137426100
2022-05-23,137.7899933,143.2599945,137.6499939,143.1100006,141.3454132,117726300
2022-05-24,140.8099976,141.9700012,137.3300018,140.3600006,138.6293182,104132700
2022-05-25,138.4299927,141.7899933,138.3399963,140.5200043,138.7873535,92482700
2022-05-26,137.3899994,144.3399963,137.1399994,143.7799988,142.0071564,90601500
2022-05-27,145.3899994,149.6799927,145.2599945,149.6399994,147.7948761,90978500
2022-05-31,149.0700073,150.6600037,146.8399963,148.8399963,147.0047455,103718400
2022-06-01,149.8999939,151.7400055,147.6799927,148.7100067,146.8763885,74286600
2022-06-02,147.8300018,151.2700043,146.8600006,151.2100067,149.34552,72348100
2022-06-03,146.8999939,147.9700012,144.4600067,145.3800049,143.5874176,88570300
2022-06-06,147.0299988,148.5700073,144.8999939,146.1399994,144.3380432,71598400
2022-06-07,144.3500061,149,144.1000061,148.7100067,146.8763885,67808200
2022-06-08,148.5800018,149.8699951,147.4600067,147.9600067,146.1356049,53950200
2022-06-09,147.0800018,147.9499969,142.5299988,142.6399994,140.8811951,69473000
2022-06-10,140.2799988,140.7599945,137.0599976,137.1300049,135.4391479,91437900
2022-06-13,132.8699951,135.1999969,131.4400024,131.8800049,130.253891,122207100
2022-06-14,133.1300049,133.8899994,131.4799957,132.7599945,131.1230164,84784300
2022-06-15,134.2899933,137.3399963,132.1600037,135.4299927,133.7601013,91533000
2022-06-16,132.0800018,132.3899994,129.0399933,130.0599976,128.4563141,108123900
2022-06-17,130.0700073,133.0800018,129.8099976,131.5599976,129.9378204,134520300
2022-06-21,133.4199982,137.0599976,133.3200073,135.8699951,134.1946716,81000500
2022-06-22,134.7899933,137.7599945,133.9100037,135.3500061,133.6810913,73409200
2022-06-23,136.8200073,138.5899963,135.6300049,138.2700043,136.5650787,72433800
2022-06-24,139.8999939,141.9100037,139.7700043,141.6600037,139.9133148,89116800
2022-06-27,142.6999969,143.4900055,140.9700012,141.6600037,139.9133148,70207900
2022-06-28,142.1300049,143.4199982,137.3200073,137.4400024,135.7453156,67083400
2022-06-29,137.4600067,140.6699982,136.6699982,139.2299957,137.5132294,66242400
2022-06-30,137.25,138.3699951,133.7700043,136.7200012,135.0341949,98964500
2022-07-01,136.0399933,139.0399933,135.6600037,138.9299927,137.2169495,71051600
2022-07-05,137.7700043,141.6100006,136.9299927,141.5599976,139.8145294,73353800
2022-07-06,141.3500061,144.1199951,141.0800018,142.9199982,141.1577454,74064300
2022-07-07,143.2899933,146.5500031,143.2799988,146.3500061,144.5454559,66253700
2022-07-08,145.2599945,147.5500031,145,147.0399933,145.2269287,64547800
2022-07-11,145.6699982,146.6399994,143.7799988,144.8699951,143.0836639,63141600
2022-07-12,145.7599945,148.4499969,145.0500031,145.8600006,144.0614929,77588800
2022-07-13,142.9900055,146.4499969,142.1199951,145.4900055,143.6960754,71185600
2022-07-14,144.0800018,148.9499969,143.25,148.4700012,146.6393433,78140700
2022-07-15,149.7799988,150.8600006,148.1999969,150.1699982,148.3183441,76259900
2022-07-18,150.7400055,151.5700073,146.6999969,147.0700073,145.2565918,81420900
2022-07-19,147.9199982,151.2299957,146.9100037,151,149.1381226,82982400
2022-07-20,151.1199951,153.7200012,150.3699951,153.0399933,151.1529541,64823400
2022-07-21,154.5,155.5700073,151.9400024,155.3500061,153.434494,65086600
2022-07-22,155.3899994,156.2799988,153.4100037,154.0899963,152.1900024,66675400
2022-07-25,154.0099945,155.0399933,152.2799988,152.9499969,151.0640717,53623900
2022-07-26,152.2599945,153.0899963,150.8000031,151.6000061,149.7307434,55138700
2022-07-27,152.5800018,157.3300018,152.1600037,156.7899933,154.85672,78620700
2022-07-28,156.9799957,157.6399994,154.4100037,157.3500061,155.4098358,81378700
2022-07-29,161.2400055,163.6300049,159.5,162.5099945,160.5061646,101786900
2022-08-01,161.0099945,163.5899963,160.8899994,161.5099945,159.5185394,67829400
2022-08-02,160.1000061,162.4100037,159.6300049,160.0099945,158.0370026,59907000
2022-08-03,160.8399963,166.5899963,160.75,166.1300049,164.0815735,82507500
2022-08-04,166.0099945,167.1900024,164.4299927,165.8099976,163.7655029,55474100
2022-08-05,163.2100067,165.8500061,163,165.3500061,163.5380249,56697000
2022-08-08,166.3699951,167.8099976,164.1999969,164.8699951,163.0632782,60276900
2022-08-09,164.0200043,165.8200073,163.25,164.9199982,163.1127472,63135500
2022-08-10,167.6799927,169.3399963,166.8999939,169.2400055,167.3853912,70170500
2022-08-11,170.0599976,170.9900055,168.1900024,168.4900055,166.643631,57149200
2022-08-12,169.8200073,172.1699982,169.3999939,172.1000061,170.2140503,68039400
2022-08-15,171.5200043,173.3899994,171.3500061,173.1900024,171.2921143,54091700
2022-08-16,172.7799988,173.7100067,171.6600037,173.0299988,171.1338654,56377100
2022-08-17,172.7700043,176.1499939,172.5700073,174.5500031,172.637207,79542000
2022-08-18,173.75,174.8999939,173.1199951,174.1499939,172.2415771,62290100
2022-08-19,173.0299988,173.7400055,171.3099976,171.5200043,169.6404114,70346300
2022-08-22,169.6900024,169.8600006,167.1399994,167.5700073,165.7337189,69026800
2022-08-23,167.0800018,168.7100067,166.6499939,167.2299957,165.3974304,54147100
2022-08-24,167.3200073,168.1100006,166.25,167.5299988,165.6941223,53841500
2022-08-25,168.7799988,170.1399994,168.3500061,170.0299988,168.1667633,51218200
2022-08-26,170.5700073,171.0500031,163.5599976,163.6199951,161.8269958,78961000
2022-08-29,161.1499939,162.8999939,159.8200073,161.3800049,159.611557,73314000
2022-08-30,162.1300049,162.5599976,157.7200012,158.9100037,157.1686249,77906200
2022-08-31,160.3099976,160.5800018,157.1399994,157.2200012,155.4971008,87991100
2022-09-01,156.6399994,158.4199982,154.6699982,157.9600067,156.2290039,74229900
2022-09-02,159.75,160.3600006,154.9700012,155.8099976,154.1025696,76957800
2022-09-06,156.4700012,157.0899963,153.6900024,154.5299988,152.8365936,73714800
2022-09-07,154.8200073,156.6699982,153.6100006,155.9600067,154.2509308,87449600
2022-09-08,154.6399994,156.3600006,152.6799927,154.4600067,152.7673645,84923800
2022-09-09,155.4700012,157.8200073,154.75,157.3699951,155.6454773,68028800
2022-09-12,159.5899963,164.2599945,159.3000031,163.4299927,161.6390533,104956000
2022-09-13,159.8999939,160.5399933,153.3699951,153.8399963,152.1541443,122656600
2022-09-14,154.7899933,157.1000061,153.6100006,155.3099976,153.608078,87965400
2022-09-15,154.6499939,155.2400055,151.3800049,152.3699951,150.7002411,90481100
2022-09-16,151.2100067,151.3500061,148.3699951,150.6999969,149.0485535,162278800
2022-09-19,149.3099976,154.5599976,149.1000061,154.4799957,152.7871552,81474200
2022-09-20,153.3999939,158.0800018,153.0800018,156.8999939,155.1806335,107689800
2022-09-21,157.3399963,158.7400055,153.6000061,153.7200012,152.0354767,101696800
2022-09-22,152.3800049,154.4700012,150.9100037,152.7400055,151.0662231,86652500
2022-09-23,151.1900024,151.4700012,148.5599976,150.4299927,148.7814941,96029900
2022-09-26,149.6600037,153.7700043,149.6399994,150.7700043,149.1178131,93339400
2022-09-27,152.7400055,154.7200012,149.9499969,151.7599945,150.0969543,84442700
2022-09-28,147.6399994,150.6399994,144.8399963,149.8399963,148.1979828,146691400
2022-09-29,146.1000061,146.7200012,140.6799927,142.4799957,140.9186401,128138200
2022-09-30,141.2799988,143.1000061,138,138.1999969,136.6855774,124925300
2022-10-03,138.2100067,143.0700073,137.6900024,142.4499969,140.8889923,114311700
2022-10-04,145.0299988,146.2200012,144.2599945,146.1000061,144.4989777,87830100
2022-10-05,144.0700073,147.3800049,143.0099945,146.3999939,144.7956848,79471000
2022-10-06,145.8099976,147.5399933,145.2200012,145.4299927,143.836319,68402200
2022-10-07,142.5399933,143.1000061,139.4499969,140.0899963,138.5548248,85925600
2022-10-10,140.4199982,141.8899994,138.5700073,140.4199982,138.8812256,74899000
2022-10-11,139.8999939,141.3500061,138.2200012,138.9799957,137.4569855,77033700
2022-10-12,139.1300049,140.3600006,138.1600037,138.3399963,136.8239899,70433700
2022-10-13,134.9900055,143.5899963,134.3699951,142.9900055,141.4230652,113224000
2022-10-14,144.3099976,144.5200043,138.1900024,138.3800049,136.8635864,88598000
2022-10-17,141.0700073,142.8999939,140.2700043,142.4100037,140.849411,85250900
2022-10-18,145.4900055,146.6999969,140.6100006,143.75,142.1747437,99136600
2022-10-19,141.6900024,144.9499969,141.5,143.8600006,142.2835388,61758300
2022-10-20,143.0200043,145.8899994,142.6499939,143.3899994,141.8186646,64522000
2022-10-21,142.8699951,147.8500061,142.6499939,147.2700043,145.6561737,86548600
2022-10-24,147.1900024,150.2299957,146,149.4499969,147.8122559,75981900
2022-10-25,150.0899963,152.4900055,149.3600006,152.3399963,150.6706085,74732300
2022-10-26,150.9600067,151.9900055,148.0399933,149.3500061,147.7133636,88194300
2022-10-27,148.0700073,149.0500031,144.1300049,144.8000031,143.2132263,109180200
2022-10-28,148.1999969,157.5,147.8200073,155.7400055,154.0333405,164762400
2022-10-31,153.1600037,154.2400055,151.9199982,153.3399963,151.6596222,97943200
2022-11-01,155.0800018,155.4499969,149.1300049,150.6499939,148.999115,80379300
2022-11-02,148.9499969,152.1699982,145,145.0299988,143.4407043,93604600
2022-11-03,142.0599976,142.8000031,138.75,138.8800049,137.3580933,97918500
2022-11-04,142.0899963,142.6699982,134.3800049,138.3800049,137.0906372,140814800
2022-11-07,137.1100006,139.1499939,135.6699982,138.9199982,137.6255646,83374600
2022-11-08,140.4100037,141.4299927,137.4900055,139.5,138.2001648,89908500
2022-11-09,138.5,138.5500031,134.5899963,134.8699951,133.6133118,74917800
2022-11-10,141.2400055,146.8699951,139.5,146.8699951,145.5014801,118854000
2022-11-11,145.8200073,150.0099945,144.3699951,149.6999969,148.30513,93979700
2022-11-14,148.9700012,150.2799988,147.4299927,148.2799988,146.8983765,73374100
2022-11-15,152.2200012,153.5899963,148.5599976,150.0399933,148.6419678,89868300
2022-11-16,149.1300049,149.8699951,147.2899933,148.7899933,147.403595,64218300
2022-11-17,146.4299927,151.4799957,146.1499939,150.7200012,149.3156433,80389400
2022-11-18,152.3099976,152.6999969,149.9700012,151.2899933,149.8803253,74829600
2022-11-21,150.1600037,150.3699951,147.7200012,148.0099945,146.6308746,58724100
2022-11-22,148.1300049,150.4199982,146.9299927,150.1799927,148.7806702,51804100
2022-11-23,149.4499969,151.8300018,149.3399963,151.0700073,149.662384,58301400
2022-11-25,148.3099976,148.8800049,147.1199951,148.1100006,146.7299652,35195900
2022-11-28,145.1399994,146.6399994,143.3800049,144.2200012,142.8761902,69246000
2022-11-29,144.2899933,144.8099976,140.3500061,141.1699982,139.854599,83763800
2022-11-30,141.3999939,148.7200012,140.5500031,148.0299988,146.6507111,111380900
2022-12-01,148.2100067,149.1300049,146.6100006,148.3099976,146.9280853,71250400
2022-12-02,145.9600067,148,145.6499939,147.8099976,146.4327393,65447400
2022-12-05,147.7700043,150.9199982,145.7700043,146.6300049,145.2637329,68826400
2022-12-06,147.0700073,147.3000031,141.9199982,142.9100037,141.5783997,64727200
2022-12-07,142.1900024,143.3699951,140,140.9400024,139.6267548,69721100
2022-12-08,142.3600006,143.5200043,141.1000061,142.6499939,141.320816,62128300
2022-12-09,142.3399963,145.5700073,140.8999939,142.1600037,140.8354034,76097000
2022-12-12,142.6999969,144.5,141.0599976,144.4900055,143.1436768,70462700
2022-12-13,149.5,149.9700012,144.2400055,145.4700012,144.1145325,93886200
2022-12-14,145.3500061,146.6600037,141.1600037,143.2100067,141.8756256,82291200
2022-12-15,141.1100006,141.8000031,136.0299988,136.5,135.2281494,98931900
2022-12-16,136.6900024,137.6499939,133.7299957,134.5099945,133.2566681,160156900
2022-12-19,135.1100006,135.1999969,131.3200073,132.3699951,131.1366272,79592600
2022-12-20,131.3899994,133.25,129.8899994,132.3000031,131.0672607,77432800
2022-12-21,132.9799957,136.8099976,132.75,135.4499969,134.187912,85928000
2022-12-22,134.3500061,134.5599976,130.3000031,132.2299957,130.9979095,77852100
2022-12-23,130.9199982,132.4199982,129.6399994,131.8600006,130.6313629,63814900
2022-12-27,131.3800049,131.4100037,128.7200012,130.0299988,128.8184204,69007800
2022-12-28,129.6699982,131.0299988,125.8700027,126.0400009,124.865593,85438400
2022-12-29,127.9899979,130.4799957,127.7300034,129.6100006,128.4023285,75703700
2022-12-30,128.4100037,129.9499969,127.4300003,129.9299927,128.7193451,77034200
2023-01-03,130.2799988,130.8999939,124.1699982,125.0699997,123.9046173,112117500
2023-01-04,126.8899994,128.6600037,125.0800018,126.3600006,125.1826096,89113600
2023-01-05,127.1299973,127.7699966,124.7600021,125.0199966,123.8550873,80962700
2023-01-06,126.0100021,130.2899933,124.8899994,129.6199951,128.4122162,87754700
2023-01-09,130.4700012,133.4100037,129.8899994,130.1499939,128.9372864,70790800
2023-01-10,130.2599945,131.2599945,128.1199951,130.7299957,129.5118713,63896200
2023-01-11,131.25,133.5099945,130.4600067,133.4900055,132.24617,69458900
2023-01-12,133.8800049,134.2599945,131.4400024,133.4100037,132.1669159,71379600
2023-01-13,132.0299988,134.9199982,131.6600037,134.7599945,133.5043488,57809700
2023-01-17,134.8300018,137.2899933,134.1300049,135.9400024,134.6733551,63646600
2023-01-18,136.8200073,138.6100006,135.0299988,135.2100067,133.9501495,69672800
2023-01-19,134.0800018,136.25,133.7700043,135.2700043,134.0095825,58280400
2023-01-20,135.2799988,138.0200043,134.2200012,137.8699951,136.5853271,80223600
2023-01-23,138.1199951,143.3200073,137.8999939,141.1100006,139.7951813,81760300
2023-01-24,140.3099976,143.1600037,140.3000031,142.5299988,141.2019501,66435100
2023-01-25,140.8899994,142.4299927,138.8099976,141.8600006,140.5381927,65799300
2023-01-26,143.1699982,144.25,141.8999939,143.9600067,142.6186371,54105100
2023-01-27,143.1600037,147.2299957,143.0800018,145.9299927,144.5702515,70555800
2023-01-30,144.9600067,145.5500031,142.8500061,143,141.667572,64015300
2023-01-31,142.6999969,144.3399963,142.2799988,144.2899933,142.9455414,65874500
2023-02-01,143.9700012,146.6100006,141.3200073,145.4299927,144.0749359,77663600
2023-02-02,148.8999939,151.1799927,148.1699982,150.8200073,149.4147034,118339000
2023-02-03,148.0299988,157.3800049,147.8300018,154.5,153.0603943,154357300
2023-02-06,152.5700073,153.1000061,150.7799988,151.7299957,150.3162231,69858300
2023-02-07,150.6399994,155.2299957,150.6399994,154.6499939,153.2089996,83322600
2023-02-08,153.8800049,154.5800018,151.1699982,151.9199982,150.5044556,64120100
2023-02-09,153.7799988,154.3300018,150.4199982,150.8699951,149.4642181,56007100
2023-02-10,149.4600067,151.3399963,149.2200012,151.0099945,149.8313446,57450700
2023-02-13,150.9499969,154.2599945,150.9199982,153.8500061,152.6492004,62199000
2023-02-14,152.1199951,153.7700043,150.8600006,153.1999969,152.0042572,61707600
2023-02-15,153.1100006,155.5,152.8800049,155.3300018,154.11763,65573800
2023-02-16,153.5099945,156.3300018,153.3500061,153.7100067,152.5102692,68167900
2023-02-17,152.3500061,153,150.8500061,152.5500031,151.3593292,59144100
2023-02-21,150.1999969,151.3000031,148.4100037,148.4799957,147.3210754,58867200
2023-02-22,148.8699951,149.9499969,147.1600037,148.9100037,147.7477417,51011300
2023-02-23,150.0899963,150.3399963,147.2400055,149.3999939,148.233902,48394200
2023-02-24,147.1100006,147.1900024,145.7200012,146.7100067,145.5649109,55469600
2023-02-27,147.7100067,149.1699982,147.4499969,147.9199982,146.7654724,44998500
2023-02-28,147.0500031,149.0800018,146.8300018,147.4100037,146.2594452,50547000
2023-03-01,146.8300018,147.2299957,145.0099945,145.3099976,144.1758423,55479000
2023-03-02,144.3800049,146.7100067,143.8999939,145.9100037,144.7711639,52238100
2023-03-03,148.0399933,151.1100006,147.3300018,151.0299988,149.8511658,70732300
2023-03-06,153.7899933,156.3000031,153.4600067,153.8300018,152.6293335,87558000
2023-03-07,153.6999969,154.0299988,151.1300049,151.6000061,150.4167328,56182000
2023-03-08,152.8099976,153.4700012,151.8300018,152.8699951,151.6768341,47204800
2023-03-09,153.5599976,154.5399933,150.2299957,150.5899963,149.4146271,53833600
2023-03-10,150.2100067,150.9400024,147.6100006,148.5,147.3409424,68572400
2023-03-13,147.8099976,153.1399994,147.6999969,150.4700012,149.295578,84457100
2023-03-14,151.2799988,153.3999939,150.1000061,152.5899963,151.3990173,73695900
2023-03-15,151.1900024,153.25,149.9199982,152.9900055,151.7958679,77167900
2023-03-16,152.1600037,156.4600067,151.6399994,155.8500061,154.6335754,76161100
2023-03-17,156.0800018,156.7400055,154.2799988,155,153.7902069,98944600
2023-03-20,155.0700073,157.8200073,154.1499939,157.3999939,156.171463,73641400
2023-03-21,157.3200073,159.3999939,156.5399933,159.2799988,158.0368042,73938300
2023-03-22,159.3000031,162.1399994,157.8099976,157.8300018,156.5980988,75701800
2023-03-23,158.8300018,161.5500031,157.6799927,158.9299927,157.6895294,67622100
2023-03-24,158.8600006,160.3399963,157.8500061,160.25,158.9992371,59196500
2023-03-27,159.9400024,160.7700043,157.8699951,158.2799988,157.0446014,52390300
2023-03-28,157.9700012,158.4900055,155.9799957,157.6499939,156.4194946,45992200
2023-03-29,159.3699951,161.0500031,159.3500061,160.7700043,159.5151825,51305700
2023-03-30,161.5299988,162.4700012,161.2700043,162.3600006,161.0927582,49501700
2023-03-31,162.4400024,165,161.9100037,164.8999939,163.6129608,68749800
2023-04-03,164.2700043,166.2899933,164.2200012,166.1699982,164.8730316,56976200
2023-04-04,166.6000061,166.8399963,165.1100006,165.6300049,164.3372498,46278300
2023-04-05,164.7400055,165.0500031,161.8000031,163.7599945,162.481842,51511700
2023-04-06,162.4299927,164.9600067,162,164.6600037,163.3748322,45390100
2023-04-10,161.4199982,162.0299988,160.0800018,162.0299988,160.7653351,47716900
2023-04-11,162.3500061,162.3600006,160.5099945,160.8000031,159.5449371,47644200
2023-04-12,161.2200012,162.0599976,159.7799988,160.1000061,158.8504028,50133100
2023-04-13,161.6300049,165.8000031,161.4199982,165.5599976,164.2677917,68445600
2023-04-14,164.5899963,166.3200073,163.8200073,165.2100067,163.920517,49386500
2023-04-17,165.0899963,165.3899994,164.0299988,165.2299957,163.9403534,41516200
2023-04-18,166.1000061,167.4100037,165.6499939,166.4700012,165.1706848,49923000
2023-04-19,165.8000031,168.1600037,165.5399933,167.6300049,166.32164,47720200
2023-04-20,166.0899963,167.8699951,165.5599976,166.6499939,165.3492584,52456400
2023-04-21,165.0500031,166.4499969,164.4900055,165.0200043,163.7320099,58337300
2023-04-24,165,165.6000061,163.8899994,165.3300018,164.0395813,41949600
2023-04-25,165.1900024,166.3099976,163.7299957,163.7700043,162.4917603,48714100
2023-04-26,163.0599976,165.2799988,162.8000031,163.7599945,162.481842,45498800
2023-04-27,165.1900024,168.5599976,165.1900024,168.4100037,167.09552,64902300
2023-04-28,168.4900055,169.8500061,167.8800049,169.6799927,168.3556213,55209200
2023-05-01,169.2799988,170.4499969,168.6399994,169.5899963,168.2663269,52472900
2023-05-02,170.0899963,170.3500061,167.5399933,168.5399933,167.2245178,48425700
2023-05-03,169.5,170.9199982,167.1600037,167.4499969,166.1430359,65136000
2023-05-04,164.8899994,167.0399933,164.3099976,165.7899933,164.4959717,81235400
2023-05-05,170.9799957,174.3000031,170.7599945,173.5700073,172.215271,113316400
2023-05-08,172.4799957,173.8500061,172.1100006,173.5,172.1457977,55962800
2023-05-09,173.0500031,173.5399933,171.6000061,171.7700043,170.429306,45326900
2023-05-10,173.0200043,174.0299988,171.8999939,173.5599976,172.2053375,53724500
2023-05-11,173.8500061,174.5899963,172.1699982,173.75,172.3938446,49514700
2023-05-12,173.6199951,174.0599976,171,172.5700073,171.4599152,45497800
2023-05-15,173.1600037,173.2100067,171.4700012,172.0700073,170.9631348,37266700
2023-05-16,171.9900055,173.1399994,171.8000031,172.0700073,170.9631348,42110300
2023-05-17,171.7100067,172.9299927,170.4199982,172.6900024,171.5791473,57951600
2023-05-18,173,175.2400055,172.5800018,175.0500031,173.9239502,65496700
2023-05-19,176.3899994,176.3899994,174.9400024,175.1600037,174.0332489,55772400
2023-05-22,173.9799957,174.7100067,173.4499969,174.1999969,173.079422,43570900
2023-05-23,173.1300049,173.3800049,171.2799988,171.5599976,170.4563904,50747300
2023-05-24,171.0899963,172.4199982,170.5200043,171.8399963,170.7345886,45143500
2023-05-25,172.4100037,173.8999939,171.6900024,172.9900055,171.8771973,56058300
2023-05-26,173.3200073,175.7700043,173.1100006,175.4299927,174.3014984,54835000
2023-05-30,176.9600067,178.9900055,176.5700073,177.3000031,176.1594696,55964400
2023-05-31,177.3300018,179.3500061,176.7599945,177.25,176.1098022,99625300
2023-06-01,177.6999969,180.1199951,176.9299927,180.0899963,178.9315338,68901800
2023-06-02,181.0299988,181.7799988,179.2599945,180.9499969,179.7859955,61945900
2023-06-05,182.6300049,184.9499969,178.0399933,179.5800018,178.4248199,121946500
2023-06-06,179.9700012,180.1199951,177.4299927,179.2100067,178.0571899,64848400
2023-06-07,178.4400024,181.2100067,177.3200073,177.8200073,176.6761322,61944600
2023-06-08,177.8999939,180.8399963,177.4600067,180.5700073,179.4084473,50214900
2023-06-09,181.5,182.2299957,180.6300049,180.9600067,179.795929,48870700
2023-06-12,181.2700043,183.8899994,180.9700012,183.7899933,182.6077271,54274900
2023-06-13,182.8000031,184.1499939,182.4400024,183.3099976,182.1308136,54929100
2023-06-14,183.3699951,184.3899994,182.0200043,183.9499969,182.7667084,57462900
2023-06-15,183.9600067,186.5200043,183.7799988,186.0099945,184.813446,65433200
2023-06-16,186.7299957,186.9900055,184.2700043,184.9199982,183.7304688,101235600
2023-06-20,184.4100037,186.1000061,184.4100037,185.0099945,183.8198853,49799100
2023-06-21,184.8999939,185.4100037,182.5899963,183.9600067,182.7766571,49515700
2023-06-22,183.7400055,187.0500031,183.6699982,187,185.7970734,51245300
2023-06-23,185.5500031,187.5599976,185.0099945,186.6799927,185.4791412,53079300
2023-06-26,186.8300018,188.0500031,185.2299957,185.2700043,184.0782013,48088700
2023-06-27,185.8899994,188.3899994,185.6699982,188.0599976,186.8502502,50730800
2023-06-28,187.9299927,189.8999939,187.6000061,189.25,188.0325928,51216800
2023-06-29,189.0800018,190.0700073,188.9400024,189.5899963,188.3704376,46347300
2023-06-30,191.6300049,194.4799957,191.2599945,193.9700012,192.7222443,85069600
2023-07-03,193.7799988,193.8800049,191.7599945,192.4600067,191.2219696,31458200
2023-07-05,191.5700073,192.9799957,190.6199951,191.3300018,190.0992279,46920300
2023-07-06,189.8399963,192.0200043,189.1999969,191.8099976,190.5761261,45094300
2023-07-07,191.4100037,192.6699982,190.2400055,190.6799927,189.4533844,46778000
2023-07-10,189.2599945,189.9900055,187.0399933,188.6100006,187.3967285,59922200
2023-07-11,189.1600037,189.3000031,186.6000061,188.0800018,186.8701477,46638100
2023-07-12,189.6799927,191.6999969,188.4700012,189.7700043,188.5492706,60750200
2023-07-13,190.5,191.1900024,189.7799988,190.5399933,189.3143005,41342300
2023-07-14,190.2299957,191.1799927,189.6300049,190.6900024,189.4633484,41573900
2023-07-17,191.8999939,194.3200073,191.8099976,193.9900055,192.7421265,50520200
2023-07-18,193.3500061,194.3300018,192.4199982,193.7299957,192.4837952,48353800
2023-07-19,193.1000061,198.2299957,192.6499939,195.1000061,193.8449707,80507300
2023-07-20,195.0899963,196.4700012,192.5,193.1300049,191.8876495,59581200
2023-07-21,194.1000061,194.9700012,191.2299957,191.9400024,190.7052917,71917800
2023-07-24,193.4100037,194.9100037,192.25,192.75,191.5101013,45377800
2023-07-25,193.3300018,194.4400024,192.9199982,193.6199951,192.3744812,37283200
2023-07-26,193.6699982,195.6399994,193.3200073,194.5,193.2488251,47471900
2023-07-27,196.0200043,197.1999969,192.5500031,193.2200012,191.9770508,47460200
2023-07-28,194.6699982,196.6300049,194.1399994,195.8300018,194.5702667,48291400
2023-07-31,196.0599976,196.4900055,195.2599945,196.4499969,195.1862793,38824100
2023-08-01,196.2400055,196.7299957,195.2799988,195.6100006,194.3516998,35175100
2023-08-02,195.0399933,195.1799927,191.8500061,192.5800018,191.3412018,50389300
2023-08-03,191.5700073,192.3699951,190.6900024,191.1699982,189.9402618,61235200
2023-08-04,185.5200043,187.3800049,181.9199982,181.9900055,180.8193054,115799700
2023-08-07,182.1300049,183.1300049,177.3500061,178.8500061,177.6995239,97576100
2023-08-08,179.6900024,180.2700043,177.5800018,179.8000031,178.6433868,67823000
2023-08-09,180.8699951,180.9299927,177.0099945,178.1900024,177.0437469,60378500
2023-08-10,179.4799957,180.75,177.6000061,177.9700012,176.8251648,54686900
2023-08-11,177.3200073,178.6199951,176.5500031,177.7899933,176.8848572,51988100
2023-08-14,177.9700012,179.6900024,177.3099976,179.4600067,178.5463715,43675600
2023-08-15,178.8800049,179.4799957,177.0500031,177.4499969,176.5465851,43622600
2023-08-16,177.1300049,178.5399933,176.5,176.5700073,175.6710968,46964900
2023-08-17,177.1399994,177.5099945,173.4799957,174,173.1141663,66062900
2023-08-18,172.3000031,175.1000061,171.9600067,174.4900055,173.6016693,61114200
2023-08-21,175.0700073,176.1300049,173.7400055,175.8399963,174.9447937,46311900
2023-08-22,177.0599976,177.6799927,176.25,177.2299957,176.327713,42084200
2023-08-23,178.5200043,181.5500031,178.3300018,181.1199951,180.1979218,52722800
2023-08-24,180.6699982,181.1000061,176.0099945,176.3800049,175.4820557,54945800
2023-08-25,177.3800049,179.1499939,175.8200073,178.6100006,177.7006836,51449600
2023-08-28,180.0899963,180.5899963,178.5500031,180.1900024,179.2726593,43820700
2023-08-29,179.6999969,184.8999939,179.5,184.1199951,183.1826324,53003900
2023-08-30,184.9400024,187.8500061,184.7400055,187.6499939,186.6946716,60813900
2023-08-31,187.8399963,189.1199951,187.4799957,187.8699951,186.9135437,60794500
2023-09-01,189.4900055,189.9199982,188.2799988,189.4600067,188.4954376,45732600
2023-09-05,188.2799988,189.9799957,187.6100006,189.6999969,188.7342224,45280000
2023-09-06,188.3999939,188.8500061,181.4700012,182.9100037,181.9787903,81755800
2023-09-07,175.1799927,178.2100067,173.5399933,177.5599976,176.6560211,112488800
2023-09-08,178.3500061,180.2400055,177.7899933,178.1799927,177.2728577,65551300
2023-09-11,180.0700073,180.3000031,177.3399963,179.3600006,178.4468842,58953100
2023-09-12,179.4900055,180.1300049,174.8200073,176.3000031,175.4024658,90370200
2023-09-13,176.5099945,177.3000031,173.9799957,174.2100067,173.3230896,84267900
2023-09-14,174,176.1000061,173.5800018,175.7400055,174.8453064,60895800
2023-09-15,176.4799957,176.5,173.8200073,175.0099945,174.1190033,109205100
2023-09-18,176.4799957,179.3800049,176.1699982,177.9700012,177.0639496,67257600
2023-09-19,177.5200043,179.6300049,177.1300049,179.0700073,178.1583557,51826900
2023-09-20,179.2599945,179.6999969,175.3999939,175.4900055,174.5965729,58436200
2023-09-21,174.5500031,176.3000031,173.8600006,173.9299927,173.0444946,63047900
2023-09-22,174.6699982,177.0800018,174.0500031,174.7899933,173.9001312,56725400
2023-09-25,174.1999969,176.9700012,174.1499939,176.0800018,175.1835785,46172700
2023-09-26,174.8200073,175.1999969,171.6600037,171.9600067,171.0845642,64588900
2023-09-27,172.6199951,173.0399933,169.0500031,170.4299927,169.5623322,66921800
2023-09-28,169.3399963,172.0299988,167.6199951,170.6900024,169.8210144,56294400
2023-09-29,172.0200043,173.0700073,170.3399963,171.2100067,170.3383789,51814200
2023-10-02,171.2200012,174.3000031,170.9299927,173.75,172.8654327,52164500
2023-10-03,172.2599945,173.6300049,170.8200073,172.3999939,171.5223083,49594600
2023-10-04,171.0899963,174.2100067,170.9700012,173.6600037,172.7758942,53020300
2023-10-05,173.7899933,175.4499969,172.6799927,174.9100037,174.0195313,48527900
2023-10-06,173.8000031,177.9900055,173.1799927,177.4900055,176.5863953,57224100
2023-10-09,176.8099976,179.0500031,175.8000031,178.9900055,178.0787659,42390800
2023-10-10,178.1000061,179.7200012,177.9499969,178.3899994,177.4818115,43698000
2023-10-11,178.1999969,179.8500061,177.6000061,179.8000031,178.8846283,47551100
2023-10-12,180.0700073,182.3399963,179.0399933,180.7100067,179.7900085,56743100
2023-10-13,181.4199982,181.9299927,178.1399994,178.8500061,177.9394836,51427100
2023-10-16,176.75,179.0800018,176.5099945,178.7200012,177.8101196,52517000
2023-10-17,176.6499939,178.4199982,174.8000031,177.1499939,176.2481384,57549400
2023-10-18,175.5800018,177.5800018,175.1100006,175.8399963,174.9447937,54764400
2023-10-19,176.0399933,177.8399963,175.1900024,175.4600067,174.5667267,59302900
2023-10-20,175.3099976,175.4199982,172.6399994,172.8800049,171.9998627,64189300
2023-10-23,170.9100037,174.0099945,169.9299927,173,172.1192322,55980100
2023-10-24,173.0500031,173.6699982,171.4499969,173.4400024,172.5569916,43816600
2023-10-25,171.8800049,173.0599976,170.6499939,171.1000061,170.2289276,57157000
2023-10-26,170.3699951,171.3800049,165.6699982,166.8899994,166.0403442,70625300
2023-10-27,166.9100037,168.9600067,166.8300018,168.2200012,167.3635864,58499100
2023-10-30,169.0200043,171.1699982,168.8699951,170.2899933,169.4230347,51131000
2023-10-31,169.3500061,170.8999939,167.8999939,170.7700043,169.9006042,44846000
2023-11-01,171,174.2299957,170.1199951,173.9700012,173.0843048,56934900
2023-11-02,175.5200043,177.7799988,175.4600067,177.5700073,176.6659851,77334800
2023-11-03,174.2400055,176.8200073,173.3500061,176.6499939,175.7506561,79763700
2023-11-06,176.3800049,179.4299927,176.2100067,179.2299957,178.3175354,63841300
2023-11-07,179.1799927,182.4400024,178.9700012,181.8200073,180.8943481,70530000
2023-11-08,182.3500061,183.4499969,181.5899963,182.8899994,181.9589081,49340300
2023-11-09,182.9600067,184.1199951,181.8099976,182.4100037,181.4813385,53763500
2023-11-10,183.9700012,186.5700073,183.5299988,186.3999939,185.695343,66133400
2023-11-13,185.8200073,186.0299988,184.2100067,184.8000031,184.1014099,43627500
2023-11-14,187.6999969,188.1100006,186.3000031,187.4400024,186.7314148,60108400
2023-11-15,187.8500061,189.5,187.7799988,188.0099945,187.2992554,53790500
2023-11-16,189.5700073,190.9600067,188.6499939,189.7100067,188.9928589,54412900
2023-11-17,190.25,190.3800049,188.5700073,189.6900024,188.9729156,50922700
2023-11-20,189.8899994,191.9100037,189.8800049,191.4499969,190.7262573,46505100
2023-11-21,191.4100037,191.5200043,189.7400055,190.6399994,189.9193268,38134500
2023-11-22,191.4900055,192.9299927,190.8300018,191.3099976,190.586792,39617700
2023-11-24,190.8699951,190.8999939,189.25,189.9700012,189.2518616,24048300
2023-11-27,189.9199982,190.6699982,188.8999939,189.7899933,189.072525,40552600
2023-11-28,189.7799988,191.0800018,189.3999939,190.3999939,189.6802216,38415400
2023-11-29,190.8999939,192.0899963,188.9700012,189.3699951,188.6541138,43014200
2023-11-30,189.8399963,190.3200073,188.1900024,189.9499969,189.2319183,48794400
2023-12-01,190.3300018,191.5599976,189.2299957,191.2400055,190.5170593,45679300
2023-12-04,189.9799957,190.0500031,187.4499969,189.4299927,188.7138977,43389500
2023-12-05,190.2100067,194.3999939,190.1799927,193.4199982,192.6888123,66628400
2023-12-06,194.4499969,194.7599945,192.1100006,192.3200073,191.5929871,41089700
2023-12-07,193.6300049,195,193.5899963,194.2700043,193.535614,47477700
2023-12-08,194.1999969,195.9900055,193.6699982,195.7100067,194.9701538,53377300
2023-12-11,193.1100006,193.4900055,191.4199982,193.1799927,192.449707,60943700
2023-12-12,193.0800018,194.7200012,191.7200012,194.7100067,193.9739532,52696900
2023-12-13,195.0899963,198,194.8500061,197.9600067,197.2116547,70404200
2023-12-14,198.0200043,199.6199951,196.1600037,198.1100006,197.361084,66831600
2023-12-15,197.5299988,198.3999939,197,197.5700073,196.8231354,128256700
2023-12-18,196.0899963,196.6300049,194.3899994,195.8899994,195.1494751,55751900
2023-12-19,196.1600037,196.9499969,195.8899994,196.9400024,196.1955109,40714100
2023-12-20,196.8999939,197.6799927,194.8300018,194.8300018,194.0934906,52242800
2023-12-21,196.1000061,197.0800018,193.5,194.6799927,193.9440308,46482500
2023-12-22,195.1799927,195.4100037,192.9700012,193.6000061,192.8681488,37122800
2023-12-26,193.6100006,193.8899994,192.8300018,193.0500031,192.3202209,28919300
2023-12-27,192.4900055,193.5,191.0899963,193.1499939,192.4198303,48087700
2023-12-28,194.1399994,194.6600037,193.1699982,193.5800018,192.8482056,34049900
2023-12-29,193.8999939,194.3999939,191.7299957,192.5299988,191.8021698,42628800
2024-01-02,187.1499939,188.4400024,183.8899994,185.6399994,184.9382172,82488700
2024-01-03,184.2200012,185.8800049,183.4299927,184.25,183.5534821,58414500
2024-01-04,182.1499939,183.0899963,180.8800049,181.9100037,181.2223358,71983600
2024-01-05,181.9900055,182.7599945,180.1699982,181.1799927,180.4950714,62303300
2024-01-08,182.0899963,185.6000061,181.5,185.5599976,184.8585205,59144500
2024-01-09,183.9199982,185.1499939,182.7299957,185.1399994,184.4401093,42841800
2024-01-10,184.3500061,186.3999939,183.9199982,186.1900024,185.486145,46792900
2024-01-11,186.5399933,187.0500031,183.6199951,185.5899963,184.8884125,49128400
2024-01-12,186.0599976,186.7400055,185.1900024,185.9199982,185.2171631,40444700
2024-01-16,182.1600037,184.2599945,180.9299927,183.6300049,182.9358215,65603000
2024-01-17,181.2700043,182.9299927,180.3000031,182.6799927,181.9894104,47317400
2024-01-18,186.0899963,189.1399994,185.8300018,188.6300049,187.9169312,78005800
2024-01-19,189.3300018,191.9499969,188.8200073,191.5599976,190.8358459,68741000
2024-01-22,192.3000031,195.3300018,192.2599945,193.8899994,193.1570282,60133900
2024-01-23,195.0200043,195.75,193.8300018,195.1799927,194.4421539,42355600
2024-01-24,195.4199982,196.3800049,194.3399963,194.5,193.7647247,53631300
2024-01-25,195.2200012,196.2700043,193.1100006,194.1699982,193.4359741,54822100
2024-01-26,194.2700043,194.7599945,191.9400024,192.4199982,191.6925964,44594000
2024-01-29,192.0099945,192.1999969,189.5800018,191.7299957,191.0052032,47145600
2024-01-30,190.9400024,191.8000031,187.4700012,188.0399933,187.3291473,55859400
2024-01-31,187.0399933,187.1000061,184.3500061,184.3999939,183.7029114,55467800
2024-02-01,183.9900055,186.9499969,183.8200073,186.8600006,186.1536255,64885400
2024-02-02,179.8600006,187.3300018,179.25,185.8500061,185.1474304,102518000
2024-02-05,188.1499939,189.25,185.8399963,187.6799927,186.9705048,69668800
2024-02-06,186.8600006,189.3099976,186.7700043,189.3000031,188.5843964,43490800
2024-02-07,190.6399994,191.0500031,188.6100006,189.4100037,188.693985,53439000
2024-02-08,189.3899994,189.5399933,187.3500061,188.3200073,187.6081085,40962000
2024-02-09,188.6499939,189.9900055,188,188.8500061,188.3761597,45155200
2024-02-12,188.4199982,188.6699982,186.7899933,187.1499939,186.6804199,41781900
2024-02-13,185.7700043,186.2100067,183.5099945,185.0399933,184.5757141,56529500
2024-02-14,185.3200073,185.5299988,182.4400024,184.1499939,183.6879425,54630500
2024-02-15,183.5500031,184.4900055,181.3500061,183.8600006,183.3986816,65434500
2024-02-16,183.4199982,184.8500061,181.6699982,182.3099976,181.8525543,49701400
2024-02-20,181.7899933,182.4299927,180,181.5599976,181.1044464,53665600
2024-02-21,181.9400024,182.8899994,180.6600037,182.3200073,181.8625488,41529700
2024-02-22,183.4799957,184.9600067,182.4600067,184.3699951,183.9073944,52292200
2024-02-23,185.0099945,185.0399933,182.2299957,182.5200043,182.0620422,45119700
2024-02-26,182.2400055,182.7599945,180.6499939,181.1600037,180.7054596,40867400
2024-02-27,181.1000061,183.9199982,179.5599976,182.6300049,182.1717682,54318900
2024-02-28,182.5099945,183.1199951,180.1300049,181.4199982,180.964798,48953900
2024-02-29,181.2700043,182.5700073,179.5299988,180.75,180.2964783,136682600
2024-03-01,179.5500031,180.5299988,177.3800049,179.6600037,179.2092285,73488000
2024-03-04,176.1499939,176.8999939,173.7899933,175.1000061,174.6606598,81510100
2024-03-05,170.7599945,172.0399933,169.6199951,170.1199951,169.693161,95132400
2024-03-06,171.0599976,171.2400055,168.6799927,169.1199951,168.6956482,68587700
2024-03-07,169.1499939,170.7299957,168.4900055,169,168.5759583,71765100
2024-03-08,169,173.6999969,168.9400024,170.7299957,170.3016052,76114600
2024-03-11,172.9400024,174.3800049,172.0500031,172.75,172.3165588,60139500
2024-03-12,173.1499939,174.0299988,171.0099945,173.2299957,172.7953339,59825400
2024-03-13,172.7700043,173.1900024,170.7599945,171.1300049,170.7006226,52488700
2024-03-14,172.9100037,174.3099976,172.0500031,173,172.5659332,72913500
2024-03-15,171.1699982,172.6199951,170.2899933,172.6199951,172.1868744,121664700
2024-03-18,175.5700073,177.7100067,173.5200043,173.7200012,173.2841187,75604200
2024-03-19,174.3399963,176.6100006,173.0299988,176.0800018,175.6381989,55215200
2024-03-20,175.7200012,178.6699982,175.0899963,178.6699982,178.2217102,53423100
2024-03-21,177.0500031,177.4900055,170.8399963,171.3699951,170.9400177,106181300
2024-03-22,171.7599945,173.0500031,170.0599976,172.2799988,171.8477325,71106600
2024-03-25,170.5700073,171.9400024,169.4499969,170.8500061,170.4213257,54288300
2024-03-26,170,171.4199982,169.5800018,169.7100067,169.2841949,57388400
2024-03-27,170.4100037,173.6000061,170.1100006,173.3099976,172.8751373,60273300
2024-03-28,171.75,172.2299957,170.5099945,171.4799957,171.0497437,65672700
2024-04-01,171.1900024,171.25,169.4799957,170.0299988,169.6033783,46240500
2024-04-02,169.0800018,169.3399963,168.2299957,168.8399963,168.4163513,49329500
2024-04-03,168.7899933,170.6799927,168.5800018,169.6499939,169.2243195,47691700
2024-04-04,170.2899933,171.9199982,168.8200073,168.8200073,168.3964233,53704400
2024-04-05,169.5899963,170.3899994,168.9499969,169.5800018,169.1544952,42055200
2024-04-08,169.0299988,169.1999969,168.2400055,168.4499969,168.0273438,37425500
2024-04-09,168.6999969,170.0800018,168.3500061,169.6699982,169.244278,42451200
2024-04-10,168.8000031,169.0899963,167.1100006,167.7799988,167.359024,49709300
2024-04-11,168.3399963,175.4600067,168.1600037,175.0399933,174.6007996,91070300
2024-04-12,174.2599945,178.3600006,174.2100067,176.5500031,176.1070251,101593300
2024-04-15,175.3600006,176.6300049,172.5,172.6900024,172.2566986,73531800
2024-04-16,171.75,173.7599945,168.2700043,169.3800049,168.9550171,73711200
2024-04-17,169.6100006,170.6499939,168,168,167.578476,50901200
2024-04-18,168.0299988,168.6399994,166.5500031,167.0399933,166.6208801,43122900
2024-04-19,166.2100067,166.3999939,164.0800018,165,164.5859985,67772100
2024-04-22,165.5200043,167.2599945,164.7700043,165.8399963,165.4238739,48116400
2024-04-23,165.3500061,167.0500031,164.9199982,166.8999939,166.4812164,49537800
2024-04-24,166.5399933,169.3000031,166.2100067,169.0200043,168.5959167,48251800
2024-04-25,169.5299988,170.6100006,168.1499939,169.8899994,169.4637299,50558300
2024-04-26,169.8800049,171.3399963,169.1799927,169.3000031,168.8752136,44838400
2024-04-29,173.3699951,176.0299988,173.1000061,173.5,173.0646667,68169400
2024-04-30,173.3300018,174.9900055,170,170.3300018,169.9026337,65934800
2024-05-01,169.5800018,172.7100067,169.1100006,169.3000031,168.8752136,50383100
2024-05-02,172.5099945,173.4199982,170.8899994,173.0299988,172.5958405,94214900
2024-05-03,186.6499939,187,182.6600037,183.3800049,182.9198761,163224100
2024-05-06,182.3500061,184.1999969,180.4199982,181.7100067,181.2540894,78569700
2024-05-07,183.4499969,184.8999939,181.3200073,182.3999939,181.9423218,77305800
2024-05-08,182.8500061,183.0700073,181.4499969,182.7400055,182.2814941,45057100
2024-05-09,182.5599976,184.6600037,182.1100006,184.5700073,184.1069031,48983000
2024-05-10,184.8999939,185.0899963,182.1300049,183.0500031,182.8383636,50759500
2024-05-13,185.4400024,187.1000061,184.6199951,186.2799988,186.0646362,72044800
2024-05-14,187.5099945,188.3000031,186.2899933,187.4299927,187.2133026,52393600
2024-05-15,187.9100037,190.6499939,187.3699951,189.7200012,189.5006561,70400000
2024-05-16,190.4700012,191.1000061,189.6600037,189.8399963,189.6205139,52845200
2024-05-17,189.5099945,190.8099976,189.1799927,189.8699951,189.6504822,41282900
2024-05-20,189.3300018,191.9199982,189.0099945,191.0399933,190.8191223,44361300
2024-05-21,191.0899963,192.7299957,190.9199982,192.3500061,192.1276245,42309400
2024-05-22,192.2700043,192.8200073,190.2700043,190.8999939,190.6792908,34648500
2024-05-23,190.9799957,191,186.6300049,186.8800049,186.6639404,51005900
2024-05-24,188.8200073,190.5800018,188.0399933,189.9799957,189.7603455,36294600
2024-05-28,191.5099945,193,189.1000061,189.9900055,189.7703552,52280100
2024-05-29,189.6100006,192.25,189.5099945,190.2899933,190.0699921,53068000
2024-05-30,190.7599945,192.1799927,190.6300049,191.2899933,191.0688324,49947900
2024-05-31,191.4400024,192.5700073,189.9100037,192.25,192.0277252,75158300
2024-06-03,192.8999939,194.9900055,192.5200043,194.0299988,193.8056641,50080500
2024-06-04,194.6399994,195.3200073,193.0299988,194.3500061,194.1253052,47471400
2024-06-05,195.3999939,196.8999939,194.8699951,195.8699951,195.6435394,54156800
2024-06-06,195.6900024,196.5,194.1699982,194.4799957,194.2551422,41181800
2024-06-07,194.6499939,196.9400024,194.1399994,196.8899994,196.6623688,53103900
2024-06-10,196.8999939,197.3000031,192.1499939,193.1199951,192.8967133,97262100
2024-06-11,193.6499939,207.1600037,193.6300049,207.1499939,206.9104919,172373300
2024-06-12,207.3699951,220.1999969,206.8999939,213.0700073,212.8236694,198134300
2024-06-13,214.7400055,216.75,211.6000061,214.2400055,213.9923096,97862700
2024-06-14,213.8500061,215.1699982,211.3000031,212.4900055,212.244339,70122700
2024-06-17,213.3699951,218.9499969,212.7200012,216.6699982,216.4194946,93728300
2024-06-18,217.5899963,218.6300049,213,214.2899933,214.0422363,79943300
2024-06-20,213.9299927,214.2400055,208.8500061,209.6799927,209.4375763,86172500
2024-06-21,210.3899994,211.8899994,207.1100006,207.4900055,207.2501221,246421400
2024-06-24,207.7200012,212.6999969,206.5899963,208.1399994,207.899353,80727000
2024-06-25,209.1499939,211.3800049,208.6100006,209.0700073,208.8282928,56713900
2024-06-26,211.5,214.8600006,210.6399994,213.25,213.0034485,66213200
2024-06-27,214.6900024,215.7400055,212.3500061,214.1000061,213.852478,49772700
2024-06-28,215.7700043,216.0700073,210.3000031,210.6199951,210.3764801,82542700
2024-07-01,212.0899963,217.5099945,211.9199982,216.75,216.4994049,60402900
2024-07-02,216.1499939,220.3800049,215.1000061,220.2700043,220.0153351,58046200
2024-07-03,220,221.5500031,219.0299988,221.5500031,221.2938538,37369800
2024-07-05,221.6499939,226.4499969,221.6499939,226.3399963,226.0783081,60412400
2024-07-08,227.0899963,227.8500061,223.25,227.8200073,227.5566101,59085900
2024-07-09,227.9299927,229.3999939,226.3699951,228.6799927,228.4156036,48076100
2024-07-10,229.3000031,233.0800018,229.25,232.9799957,232.7106323,62627700
2024-07-11,231.3899994,232.3899994,225.7700043,227.5700073,227.3069,64710600
2024-07-12,228.9199982,232.6399994,228.6799927,230.5399933,230.2734528,53046500
2024-07-15,236.4799957,237.2299957,233.0899963,234.3999939,234.1289978,62631300
2024-07-16,235,236.2700043,232.3300018,234.8200073,234.5485229,43234300
2024-07-17,229.4499969,231.4600067,226.6399994,228.8800049,228.615387,57345900
2024-07-18,230.2799988,230.4400024,222.2700043,224.1799927,223.9208069,66034600
2024-07-19,224.8200073,226.8000031,223.2799988,224.3099976,224.0506592,49151500
2024-07-22,227.0099945,227.7799988,223.0899963,223.9600067,223.7010803,48201800
2024-07-23,224.3699951,226.9400024,222.6799927,225.0099945,224.7498474,39960300
2024-07-24,224,224.8000031,217.1300049,218.5399933,218.287323,61777600
2024-07-25,218.9299927,220.8500061,214.6199951,217.4900055,217.2385559,51391200
2024-07-26,218.6999969,219.4900055,216.0099945,217.9600067,217.7080078,41601300
2024-07-29,216.9600067,219.3000031,215.75,218.2400055,217.9876862,36311800
2024-07-30,219.1900024,220.3300018,216.1199951,218.8000031,218.5470428,41643800
2024-07-31,221.4400024,223.8200073,220.6300049,222.0800018,221.8232422,50036300
2024-08-01,224.3699951,224.4799957,217.0200043,218.3600006,218.1075439,62501000
2024-08-02,219.1499939,225.6000061,217.7100067,219.8600006,219.6058044,105568600
2024-08-05,199.0899963,213.5,196,209.2700043,209.0280609,119548600
2024-08-06,205.3000031,209.9900055,201.0700073,207.2299957,206.9904022,69660500
2024-08-07,206.8999939,213.6399994,206.3899994,209.8200073,209.5774231,63516400
2024-08-08,213.1100006,214.1999969,208.8300018,213.3099976,213.063385,47161100
2024-08-09,212.1000061,216.7799988,211.9700012,216.2400055,215.9900055,42201600
2024-08-12,216.0700073,219.5099945,215.6000061,217.5299988,217.5299988,38028100
2024-08-13,219.0099945,221.8899994,219.0099945,221.2700043,221.2700043,44155300
2024-08-14,220.5700073,223.0299988,219.6999969,221.7200012,221.7200012,41960600
2024-08-15,224.6000061,225.3500061,222.7599945,224.7200012,224.7200012,46414000
2024-08-16,223.9199982,226.8300018,223.6499939,226.0500031,226.0500031,44340200
2024-08-19,225.7200012,225.9900055,223.0399933,225.8899994,225.8899994,40687800
2024-08-20,225.7700043,227.1699982,225.4499969,226.5099945,226.5099945,30299000
2024-08-21,226.5200043,227.9799957,225.0500031,226.3999939,226.3999939,34765500
2024-08-22,227.7899933,228.3399963,223.8999939,224.5299988,224.5299988,43695300
2024-08-23,225.6600037,228.2200012,224.3300018,226.8399963,226.8399963,38677300
2024-08-26,226.7599945,227.2799988,223.8899994,227.1799927,227.1799927,30602200
2024-08-27,226,228.8500061,224.8899994,228.0299988,228.0299988,35934600
2024-08-28,227.9199982,229.8600006,225.6799927,226.4900055,226.4900055,38052200
2024-08-29,230.1000061,232.9199982,228.8800049,229.7899933,229.7899933,51852200